Workbook

Sheet OCT (01)
A1: ‡gmvm© Imgvb wdm& | H1: ‡gmvm© Imgvb wdm&
A2: mvBb‡evW© evRvi grm Avor | H2: mvBb‡evW© evRvi grm Avor
A3: evi t | D3: ‡µwWU | F3: ZvwiL t- | H3: evi t | K3: ‡WwWU | M3: ZvwiL t-
A4: c~‡e©i K¨vk-Bb-n¨vÛ t | F4: 500000 | G4: **** | K4: D | N4: ****
D5: C | G5: =F4 -> 500000 | K5: D | N5: =M4 -> 0
D6: C | G6: =G5+F5 -> 500000 | K6: D | N6: =N5+M5 -> 0
D7: C | G7: =G6+F6 -> 500000 | K7: D | N7: =N6+M6 -> 0
D8: C | G8: =G7+F7 -> 500000 | K8: D | N8: =N7+M7 -> 0
D9: C | G9: =G8+F8 -> 500000 | K9: D | N9: =N8+M8 -> 0
D10: C | G10: =G9+F9 -> 500000 | K10: D | N10: =N9+M9 -> 0
D11: C | G11: =G10+F10 -> 500000 | K11: D | N11: =N10+M10 -> 0
D12: C | G12: =G11+F11 -> 500000 | K12: D | N12: =N11+M11 -> 0
D13: C | G13: =G12+F12 -> 500000 | K13: D | N13: =N12+M12 -> 0
D14: C | G14: =G13+F13 -> 500000 | K14: D | N14: =N13+M13 -> 0
D15: C | G15: =G14+F14 -> 500000 | K15: D | N15: =N14+M14 -> 0
D16: C | G16: =G15+F15 -> 500000 | K16: D | N16: =N15+M15 -> 0
D17: C | G17: =G16+F16 -> 500000 | K17: D | N17: =N16+M16 -> 0
... D34: C | G34: =G33+F33 -> 500000 | K34: D | N34: =N33+M33 -> 0
A35: †gvU †µwWU t | D35: =G34+F34 -> 500000 | H35: ‡gvU †WweU t | K35: =N34+M34 -> 0
A36: ‡gvU †WweU t | D36: =K35 -> 0
A37: eZ©gvb K¨vk t | D37: =D35-D36 -> 500000

Sheet OCT (2)
A1: ‡gmvm© Imgvb wdm& | H1: ‡gmvm© Imgvb wdm&
A2: mvBb‡evW© evRvi grm Avor | H2: mvBb‡evW© evRvi grm Avor
A3: evi t | D3: ‡µwWU | F3: ZvwiL t- | H3: evi t | K3: ‡WwWU | M3: ZvwiL t-
A4: c~‡e©i K¨vk-Bb-n¨vÛ t | F4: ='OCT (01)'!D37 -> 500000 | G4: **** | K4: D | N4: ****
D5: C | G5: =F4 -> 500000 | K5: D | N5: =M4 -> 0
D6: C | G6: =G5+F5 -> 500000 | K6: D | N6: =N5+M5 -> 0
D7: C | G7: =G6+F6 -> 500000 | K7: D | N7: =N6+M6 -> 0
D8: C | G8: =G7+F7 -> 500000 | K8: D | N8: =N7+M7 -> 0
D9: C | G9: =G8+F8 -> 500000 | K9: D | N9: =N8+M8 -> 0
D10: C | G10: =G9+F9 -> 500000 | K10: D | N10: =N9+M9 -> 0
D11: C | G11: =G10+F10 -> 500000 | K11: D | N11: =N10+M10 -> 0
D12: C | G12: =G11+F11 -> 500000 | K12: D | N12: =N11+M11 -> 0
D13: C | G13: =G12+F12 -> 500000 | K13: D | N13: =N12+M12 -> 0
D14: C | G14: =G13+F13 -> 500000 | K14: D | N14: =N13+M13 -> 0
D15: C | G15: =G14+F14 -> 500000 | K15: D | N15: =N14+M14 -> 0
D16: C | G16: =G15+F15 -> 500000 | K16: D | N16: =N15+M15 -> 0
D17: C | G17: =G16+F16 -> 500000 | K17: D | N17: =N16+M16 -> 0
... D34: C | G34: =G33+F33 -> 500000 | K34: D | N34: =N33+M33 -> 0
A35: †gvU †µwWU t | D35: =G34+F34 -> 500000 | H35: ‡gvU †WweU t | K35: =N34+M34 -> 0
A36: ‡gvU †WweU t | D36: =K35 -> 0
A37: eZ©gvb K¨vk t | D37: =D35-D36 -> 500000

Sheet OCT (3)
A1: ‡gmvm© Imgvb wdm& | H1: ‡gmvm© Imgvb wdm&
A2: mvBb‡evW© evRvi grm Avor | H2: mvBb‡evW© evRvi grm Avor
A3: evi t | D3: ‡µwWU | F3: ZvwiL t- | H3: evi t | K3: ‡WwWU | M3: ZvwiL t-
A4: c~‡e©i K¨vk-Bb-n¨vÛ t | F4: ='OCT (2)'!D37 -> 500000 | G4: **** | K4: D | N4: ****
D5: C | G5: =F4 -> 500000 | K5: D | N5: =M4 -> 0
D6: C | G6: =G5+F5 -> 500000 | K6: D | N6: =N5+M5 -> 0
D7: C | G7: =G6+F6 -> 500000 | K7: D | N7: =N6+M6 -> 0
D8: C | G8: =G7+F7 -> 500000 | K8: D | N8: =N7+M7 -> 0
D9: C | G9: =G8+F8 -> 500000 | K9: D | N9: =N8+M8 -> 0
D10: C | G10: =G9+F9 -> 500000 | K10: D | N10: =N9+M9 -> 0
D11: C | G11: =G10+F10 -> 500000 | K11: D | N11: =N10+M10 -> 0
D12: C | G12: =G11+F11 -> 500000 | K12: D | N12: =N11+M11 -> 0
D13: C | G13: =G12+F12 -> 500000 | K13: D | N13: =N12+M12 -> 0
D14: C | G14: =G13+F13 -> 500000 | K14: D | N14: =N13+M13 -> 0
D15: C | G15: =G14+F14 -> 500000 | K15: D | N15: =N14+M14 -> 0
D16: C | G16: =G15+F15 -> 500000 | K16: D | N16: =N15+M15 -> 0
D17: C | G17: =G16+F16 -> 500000 | K17: D | N17: =N16+M16 -> 0
... D34: C | G34: =G33+F33 -> 500000 | K34: D | N34: =N33+M33 -> 0
A35: †gvU †µwWU t | D35: =G34+F34 -> 500000 | H35: ‡gvU †WweU t | K35: =N34+M34 -> 0
A36: ‡gvU †WweU t | D36: =K35 -> 0
A37: eZ©gvb K¨vk t | D37: =D35-D36 -> 500000

Sheet OCT (4)
A1: ‡gmvm© Imgvb wdm& | H1: ‡gmvm© Imgvb wdm&
A2: mvBb‡evW© evRvi grm Avor | H2: mvBb‡evW© evRvi grm Avor
A3: evi t | C3: ïµevi | D3: ‡µwWU | F3: ZvwiL t- | G3: 45569 | H3: evi t | J3: ïµevi | K3: ‡WwWU | M3: ZvwiL t- | N3: 45569
A4: c~‡e©i K¨vk-Bb-n¨vÛ t | F4: ='OCT (3)'!D37 -> 500000 | G4: **** | I4: 1 bs- | J4: bM` weµq-- | K4: D | L4: 16 bs- | M4: 6900 | N4: ****
C5: Kwgkb-- | D5: C | F5: 6300 | G5: =F4 -> 500000 | I5: 2 bs- | J5: BKivg-- | K5: D | L5: 14 bs- | M5: 2640 | N5: =M4 -> 6900
C6: mwgwZ-- | D6: C | F6: 90 | G6: =G5+F5 -> 506300 | I6: 3 bs- | J6: kvwKj -- | K6: D | L6: 12 bs- | M6: 3640 | N6: =N5+M5 -> 9540
C7: gmwR`-- | D7: C | F7: 90 | G7: =G6+F6 -> 506390 | I7: 4 bs- | J7: Avt iv¾vK-- | K7: D | L7: 01 bs- | M7: 20510 | N7: =N6+M6 -> 13180
A8: D | B8: 1 bs | C8: bM` Rgv-- | D8: C | F8: 6900 | G8: =G7+F7 -> 506480 | I8: 5 bs- | J8: wRKz-- | K8: D | L8: 02 bs- | M8: 24310 | N8: =N7+M7 -> 33690
A9: D | B9: 3bs | C9: kvwKj-- | D9: C | E9: 12 | F9: 3640 | G9: =G8+F8 -> 513380 | I9: 6 bs- | J9: Av‡bvqvi-- | K9: D | L9: 13 bs- | M9: 1100 | N9: =N8+M8 -> 58000
A10: D | B10: 12bs | C10: ‡ejv‡qZ-- | D10: C | E10: 8 | F10: 13430 | G10: =G9+F9 -> 517020 | I10: 7 bs- | J10: ‡gv¯Ídv-- | K10: D | L10: 03 bs- | M10: 18920 | N10: =N9+M9 -> 59100
D11: C | G11: =G10+F10 -> 530450 | I11: 8 bs- | J11: ‡gvZv‡je-- | K11: D | L11: 04 bs- | M11: 24720 | N11: =N10+M10 -> 78020
D12: C | G12: =G11+F11 -> 530450 | I12: 9 bs- | J12: eKzj fvB-- | K12: D | L12: 05 bs- | M12: 1750 | N12: =N11+M11 -> 102740
D13: C | G13: =G12+F12 -> 530450 | I13: 10 bs- | J13: ‡mvnvM-- | K13: D | L13: 06 bs- | M13: 4890 | N13: =N12+M12 -> 104490
D14: C | G14: =G13+F13 -> 530450 | I14: 11 bs- | J14: jyrdvi-- | K14: D | L14: 07 bs- | M14: 19280 | N14: =N13+M13 -> 109380
D15: C | G15: =G14+F14 -> 530450 | I15: 12 bs- | J15: ‡ejv‡qZ-- | K15: D | L15: 08 bs- | M15: 13430 | N15: =N14+M14 -> 128660
D16: C | G16: =G15+F15 -> 530450 | I16: 13 bs- | J16: AvjgwMi-- | K16: D | L16: 09 bs- | M16: 2780 | N16: =N15+M15 -> 142090
D17: C | G17: =G16+F16 -> 530450 | I17: 14 bs- | J17: gnvwmb-- | K17: D | L17: 10 bs- | M17: 2160 | N17: =N16+M16 -> 144870
D18: C | G18: =G17+F17 -> 530450 | I18: 15 bs- | J18: ‡gvt Avmjvg-- | K18: D | L18: 11 bs- | M18: 6610 | N18: =N17+M17 -> 147030
D19: C | G19: =G18+F18 -> 530450 | I19: 16 bs- | J19: ‡gvt gvgyb-- | K19: D | L19: 15 bs- | M19: 3310 | N19: =N18+M18 -> 153640
D20: C | G20: =G19+F19 -> 530450 | J20: eKwkm-- | K20: D | M20: 450 | N20: =N19+M19 -> 156950
D21: C | G21: =G20+F20 -> 530450 | J21: bv¯Ív LiP-- | K21: D | M21: 200 | N21: =N20+M20 -> 157400
D22: C | G22: =G21+F21 -> 530450 | J22: eªvm µq-- | K22: D | M22: 50 | N22: =N21+M21 -> 157600
D23: C | G23: =G22+F22 -> 530450 | J23: K¨vk mU / †jvKgvb-- | K23: D | M23: 950 | N23: =N22+M22 -> 157650
D24: C | G24: =G23+F23 -> 530450 | K24: D | N24: =N23+M23 -> 158600
D25: C | G25: =G24+F24 -> 530450 | K25: D | N25: =N24+M24 -> 158600
D26: C | G26: =G25+F25 -> 530450 | K26: D | N26: =N25+M25 -> 158600
D27: C | G27: =G26+F26 -> 530450 | K27: D | N27: =N26+M26 -> 158600
D28: C | G28: =G27+F27 -> 530450 | K28: D | N28: =N27+M27 -> 158600
D29: C | G29: =G28+F28 -> 530450 | K29: D | N29: =N28+M28 -> 158600
D30: C | G30: =G29+F29 -> 530450 | K30: D | N30: =N29+M29 -> 158600
D31: C | G31: =G30+F30 -> 530450 | K31: D | N31: =N30+M30 -> 158600
D32: C | G32: =G31+F31 -> 530450 | K32: D | N32: =N31+M31 -> 158600
D33: C | G33: =G32+F32 -> 530450 | K33: D | N33: =N32+M32 -> 158600
D34: C | G34: =G33+F33 -> 530450 | K34: D | N34: =N33+M33 -> 158600
A35: †gvU †µwWU t | D35: =G34+F34 -> 530450 | H35: ‡gvU †WweU t | K35: =N34+M34 -> 158600
A36: ‡gvU †WweU t | D36: =K35 -> 158600
A37: eZ©gvb K¨vk t | D37: =D35-D36 -> 371850

Sheet OCT (5)
A1: ‡gmvm© Imgvb wdm& | H1: ‡gmvm© Imgvb wdm&
A2: mvBb‡evW© evRvi grm Avor | H2: mvBb‡evW© evRvi grm Avor
A3: evi t | C3: kwbevi | D3: ‡µwWU | F3: ZvwiL t- | G3: 45570 | H3: evi t | J3: kwbevi | K3: ‡WwWU | M3: ZvwiL t- | N3: 45570
A4: c~‡e©i K¨vk-Bb-n¨vÛ t | F4: ='OCT (4)'!D37 -> 371850 | G4: **** | J4: eKwkm-- | K4: D | M4: 300 | N4: ****
C5: Kwgkb- | D5: C | F5: 3380 | G5: =F4 -> 371850 | J5: ÷vd bv¯Ív- | K5: D | M5: 400 | N5: =M4 -> 300
C6: gmwR`- | D6: C | F6: 60 | G6: =G5+F5 -> 375230 | I6: 17 bs | J6: RvwKi PvPv-- | K6: D | M6: 9510 | N6: =N5+M5 -> 700
C7: mwgwZ- | D7: C | F7: 50 | G7: =G6+F6 -> 375290 | I7: 18 bs | J7: wRKz fvB-- | K7: D | M7: 28100 | N7: =N6+M6 -> 10210
C8: bM` weµq- | D8: C | F8: 750 | G8: =G7+F7 -> 375340 | I8: 19 bs | J8: eKzj fvB-- | K8: D | M8: 7840 | N8: =N7+M7 -> 38310
C9: jytdi Rgv- | D9: C | F9: 19280 | G9: =G8+F8 -> 376090 | I9: 20 bs | J9: bM`-- | K9: D | M9: 750 | N9: =N8+M8 -> 46150
C10: AvjgwMi Rgv- | D10: C | F10: 2780 | G10: =G9+F9 -> 395370 | I10: 21 bs | J10: kvwKj-- | K10: D | M10: 2700 | N10: =N9+M9 -> 46900
C11: Avmjvg Rgv- | D11: C | F11: 6610 | G11: =G10+F10 -> 398150 | I11: 22 bs | J11: ûgvqyb-- | K11: D | M11: 1390 | N11: =N10+M10 -> 49600
C12: GKivg Rgv- | D12: C | F12: 2640 | G12: =G11+F11 -> 404760 | I12: 23 bs | J12: jytdvi-- | K12: D | M12: 5240 | N12: =N11+M11 -> 50990
C13: ‡mvnvM Rgv- | D13: C | F13: 4890 | G13: =G12+F12 -> 407400 | I13: 24 bs | J13: gwZb-- | K13: D | M13: 1450 | N13: =N12+M12 -> 56230
C14: gvgyb Rgv- | D14: C | F14: 3310 | G14: =G13+F13 -> 412290 | I14: 25 bs | J14: Avmjvg-- | K14: D | M14: 15540 | N14: =N13+M13 -> 57680
C15: ‡gvZv‡je Rgv- | D15: C | F15: 10000 | G15: =G14+F14 -> 415600 | I15: 26 bs | J15: ‡ejv‡qZ-- | K15: D | M15: 10280 | N15: =N14+M14 -> 73220
D16: C | G16: =G15+F15 -> 425600 | I16: 27 bs | J16: ‡ngv‡qZ-- | K16: D | M16: 1900 | N16: =N15+M15 -> 83500
D17: C | G17: =G16+F16 -> 425600 | K17: D | N17: =N16+M16 -> 85400
D18: C | G18: =G17+F17 -> 425600 | K18: D | N18: =N17+M17 -> 85400
D19: C | G19: =G18+F18 -> 425600 | K19: D | N19: =N18+M18 -> 85400
D20: C | G20: =G19+F19 -> 425600 | K20: D | N20: =N19+M19 -> 85400
D21: C | G21: =G20+F20 -> 425600 | K21: D | N21: =N20+M20 -> 85400
D22: C | G22: =G21+F21 -> 425600 | K22: D | N22: =N21+M21 -> 85400
D23: C | G23: =G22+F22 -> 425600 | J23: c~‡e©i LiP-1650 | K23: D | N23: =N22+M22 -> 85400
D24: C | G24: =G23+F23 -> 425600 | J24: AvR‡Ki LiP-700 | K24: D | N24: =N23+M23 -> 85400
D25: C | G25: =G24+F24 -> 425600 | J25: ‡gvU eKwkm= 2350 | K25: D | N25: =N24+M24 -> 85400
D26: C | G26: =G25+F25 -> 425600 | K26: D | N26: =N25+M25 -> 85400
D27: C | G27: =G26+F26 -> 425600 | K27: D | N27: =N26+M26 -> 85400
D28: C | G28: =G27+F27 -> 425600 | K28: D | N28: =N27+M27 -> 85400
D29: C | G29: =G28+F28 -> 425600 | K29: D | N29: =N28+M28 -> 85400
D30: C | G30: =G29+F29 -> 425600 | K30: D | N30: =N29+M29 -> 85400
D31: C | G31: =G30+F30 -> 425600 | K31: D | N31: =N30+M30 -> 85400
D32: C | G32: =G31+F31 -> 425600 | K32: D | N32: =N31+M31 -> 85400
D33: C | G33: =G32+F32 -> 425600 | K33: D | N33: =N32+M32 -> 85400
D34: C | G34: =G33+F33 -> 425600 | K34: D | N34: =N33+M33 -> 85400
A35: †gvU †µwWU t | D35: =G34+F34 -> 425600 | H35: ‡gvU †WweU t | K35: =N34+M34 -> 85400
A36: ‡gvU †WweU t | D36: =K35 -> 85400
A37: eZ©gvb K¨vk t | D37: =D35-D36 -> 340200

Sheet OCT (6)
A1: ‡gmvm© Imgvb wdm& | H1: ‡gmvm© Imgvb wdm&
A2: mvBb‡evW© evRvi grm Avor | H2: mvBb‡evW© evRvi grm Avor
A3: evi t | C3: iweevi | D3: ‡µwWU | F3: ZvwiL t- | G3: 45571 | H3: evi t | J3: iweevi | K3: ‡WwWU | M3: ZvwiL t- | N3: 45571
A4: c~‡e©i K¨vk-Bb-n¨vÛ t | F4: ='OCT (5)'!D37 -> 340200 | G4: **** | J4: ÷vd‡`i bv¯Ív-- | K4: D | M4: 550 | N4: ****
C5: Kwgkb- | D5: C | F5: 7990 | G5: =F4 -> 340200 | J5: eKwkm-- | K5: D | M5: 500 | N5: =M4 -> 550
C6: gmwR`- | D6: C | F6: 70 | G6: =G5+F5 -> 348190 | J6: gUi wdwUsm-- | K6: D | M6: 250 | N6: =N5+M5 -> 1050
C7: mwgwZ- | D7: C | F7: 70 | G7: =G6+F6 -> 348260 | J7: Awdm LiP-- | K7: D | M7: 170 | N7: =N6+M6 -> 1300
C8: gnvwmb Rgv-- | D8: C | F8: 2160 | G8: =G7+F7 -> 348330 | I8: 28bs- | J8: Avt iv¾vK-- | K8: D | L8: 30 bs- | M8: 36620 | N8: =N7+M7 -> 1470
C9: kvwKj Rgv-- | D9: C | F9: 2700 | G9: =G8+F8 -> 350490 | I9: 29bs- | J9: ‡gvZv‡je-- | K9: D | L9: 35 bs- | M9: 6610 | N9: =N8+M8 -> 38090
C10: Avmjvg Rgv-- | D10: C | F10: 15540 | G10: =G9+F9 -> 353190 | I10: 30bs- | J10: ‡gvt jyrdvi-- | K10: D | L10: 31 bs- | M10: 16710 | N10: =N9+M9 -> 44700
C11: ‡ejv‡qZ Rgv-- | D11: C | F11: 10280 | G11: =G10+F10 -> 368730 | I11: 31bs- | J11: iæûj-- | K11: D | L11: 49 bs- | M11: 1120 | N11: =N10+M10 -> 61410
C12: ‡ngv‡qZ Rgv-- | D12: C | F12: 1900 | G12: =G11+F11 -> 379010 | I12: 32bs- | J12: ûgvqyb-- | K12: D | L12: 48 bs- | M12: 3330 | N12: =N11+M11 -> 62530
C13: jyrdvi Rgv-- | D13: C | F13: 5240 | G13: =G12+F12 -> 380910 | I13: 33bs- | J13: kvwgg-- | K13: D | L13: 47 bs- | M13: 3080 | N13: =N12+M12 -> 65860
C14: ‡gvZv‡je Rgv-- | D14: C | F14: 14720 | G14: =G13+F13 -> 386150 | I14: 34bs- | J14: iwdKzj-- | K14: D | L14: 46 bs- | M14: 3080 | N14: =N13+M13 -> 68940
C15: mvjvg Rgv-- | D15: C | F15: 5690 | G15: =G14+F14 -> 400870 | I15: 35bs- | J15: ‡ngv‡qZ-- | K15: D | L15: 45 bs- | M15: 4050 | N15: =N14+M14 -> 72020
C16: ûgvqyb Rgv-- | D16: C | F16: 1390 | G16: =G15+F15 -> 406560 | I16: 36bs- | J16: AvjgwMi-- | K16: D | L16: 44 bs- | M16: 3240 | N16: =N15+M15 -> 76070
D17: C | G17: =G16+F16 -> 407950 | I17: 37bs- | J17: gvgyb-- | K17: D | L17: 43 bs- | M17: 1290 | N17: =N16+M16 -> 79310
D18: C | G18: =G17+F17 -> 407950 | I18: 38bs- | J18: gnvwmb-- | K18: D | L18: 42 bs- | M18: 2360 | N18: =N17+M17 -> 80600
D19: C | G19: =G18+F18 -> 407950 | I19: 39bs- | J19: Gg`v`-- | K19: D | L19: 41 bs- | M19: 2200 | N19: =N18+M18 -> 82960
D20: C | G20: =G19+F19 -> 407950 | I20: 40bs- | J20: iæûj-- | K20: D | L20: 40 bs- | M20: 4440 | N20: =N19+M19 -> 85160
D21: C | G21: =G20+F20 -> 407950 | I21: 41bs- | J21: Avjvwgb-- | K21: D | L21: 39 bs- | M21: 1880 | N21: =N20+M20 -> 89600
D22: C | G22: =G21+F21 -> 407950 | I22: 42bs- | J22: kvwKj-- | K22: D | L22: 38 bs- | M22: 1600 | N22: =N21+M21 -> 91480
D23: C | G23: =G22+F22 -> 407950 | I23: 43bs- | J23: mvjvg-- | K23: D | L23: 37 bs- | M23: 5690 | N23: =N22+M22 -> 93080
D24: C | G24: =G23+F23 -> 407950 | I24: 44bs- | J24: nvwKg-- | K24: D | L24: 36 bs- | M24: 11630 | N24: =N23+M23 -> 98770
D25: C | G25: =G24+F24 -> 407950 | I25: 45bs- | J25: ‡ejv‡qZ-- | K25: D | L25: 34 bs- | M25: 6310 | N25: =N24+M24 -> 110400
D26: C | G26: =G25+F25 -> 407950 | I26: 46bs- | J26: Avmjvg-- | K26: D | L26: 33 bs- | M26: 24620 | N26: =N25+M25 -> 116710
D27: C | G27: =G26+F26 -> 407950 | I27: 47bs- | J27: ‡mv‡nj-- | K27: D | L27: 32 bs- | M27: 7040 | N27: =N26+M26 -> 141330
D28: C | G28: =G27+F27 -> 407950 | K28: D | N28: =N27+M27 -> 148370
D29: C | G29: =G28+F28 -> 407950 | K29: D | N29: =N28+M28 -> 148370
D30: C | G30: =G29+F29 -> 407950 | J30: c~‡e©i LiP-2350 | K30: D | N30: =N29+M29 -> 148370
D31: C | G31: =G30+F30 -> 407950 | J31: AvR‡Ki LiP-1470 | K31: D | N31: =N30+M30 -> 148370
D32: C | G32: =G31+F31 -> 407950 | J32: ‡gvU LiP= 3820 | K32: D | N32: =N31+M31 -> 148370
D33: C | G33: =G32+F32 -> 407950 | K33: D | N33: =N32+M32 -> 148370
D34: C | G34: =G33+F33 -> 407950 | K34: D | N34: =N33+M33 -> 148370
A35: †gvU †µwWU t | D35: =G34+F34 -> 407950 | H35: ‡gvU †WweU t | K35: =N34+M34 -> 148370
A36: ‡gvU †WweU t | D36: =K35 -> 148370
A37: eZ©gvb K¨vk t | D37: =D35-D36 -> 259580

Sheet OCT (7)
A1: ‡gmvm© Imgvb wdm& | H1: ‡gmvm© Imgvb wdm&
A2: mvBb‡evW© evRvi grm Avor | H2: mvBb‡evW© evRvi grm Avor
A3: evi t | C3: †mvgevi | D3: ‡µwWU | F3: ZvwiL t- | G3: 45572 | H3: evi t | J3: †mvgevi | K3: ‡WwWU | M3: ZvwiL t- | N3: 45572
A4: c~‡e©i K¨vk-Bb-n¨vÛ t | F4: ='OCT (6)'!D37 -> 259580 | G4: **** | J4: ÷vd‡`i bv¯Ív-- | K4: D | M4: 600 | N4: ****
C5: Kwgkb- | D5: C | F5: 4470 | G5: =F4 -> 259580 | J5: eKwkm-- | K5: D | M5: 210 | N5: =M4 -> 600
C6: gmwR`- | D6: C | F6: 50 | G6: =G5+F5 -> 264050 | J6: Awdm LiP-- | K6: D | M6: 330 | N6: =N5+M5 -> 810
C7: mwgwZ- | D7: C | F7: 50 | G7: =G6+F6 -> 264100 | J7: ÷vd‡`I cwienb LiP-- | K7: D | M7: 400 | N7: =N6+M6 -> 1140
C8: kvwKj Av`vq- | D8: C | F8: 1600 | G8: =G7+F7 -> 264150 | I8: 48bs- | J8: iv¾vK-- | K8: D | L8: 52 | M8: 14630 | N8: =N7+M7 -> 1540
C9: Avmjvg Av`vq-- | D9: C | F9: 24620 | G9: =G8+F8 -> 265750 | I9: 49bs- | J9: ‡gv¯Í-- | K9: D | L9: 53 | M9: 12140 | N9: =N8+M8 -> 16170
C10: eKzj Av`vq-- | D10: C | F10: 9590 | G10: =G9+F9 -> 290370 | I10: 50bs- | J10: eKzj-- | K10: D | L10: 54 | M10: 15330 | N10: =N9+M9 -> 28310
C11: ‡ngv‡qZ Av`vq-- | D11: C | F11: 4050 | G11: =G10+F10 -> 299960 | I11: 51bs- | J11: ‡gvZv‡je-- | K11: D | L11: 55 | M11: 2500 | N11: =N10+M10 -> 43640
C12: ‡gvt wRKz Av`vq-- | D12: C | F12: 52410 | G12: =G11+F11 -> 304010 | I12: 52bs- | J12: jyrdvi- | K12: D | L12: 56 | M12: 9620 | N12: =N11+M11 -> 46140
C13: RvwKi Av`vq-- | D13: C | F13: 9510 | G13: =G12+F12 -> 356420 | I13: 53bs- | J13: kvwKj-- | K13: D | L13: 57 | M13: 6080 | N13: =N12+M12 -> 55760
C14: ‡gv¯Í Av`vq-- | D14: C | F14: 18920 | G14: =G13+F13 -> 365930 | I14: 54bs- | J14: Avjvwgb-- | K14: D | L14: 58 | M14: 3780 | N14: =N13+M13 -> 61840
C15: iv¾vK Av`vq-- | D15: C | F15: 20510 | G15: =G14+F14 -> 384850 | I15: 55bs- | J15: ‡ngv‡qZ-- | K15: D | L15: 59 | M15: 1260 | N15: =N14+M14 -> 65620
C16: Gg`v` Av`vq-- | D16: C | F16: 2200 | G16: =G15+F15 -> 405360 | I16: 56bs- | J16: ‡ejv‡qZ-- | K16: D | L16: 60 | M16: 3150 | N16: =N15+M15 -> 66880
C17: iwdKzj Av`vq-- | D17: C | F17: 3080 | G17: =G16+F16 -> 407560 | I17: 57bs- | J17: gwZb-- | K17: D | L17: 61 | M17: 1500 | N17: =N16+M16 -> 70030
C18: nvwKg Av`vq-- | D18: C | F18: 11630 | G18: =G17+F17 -> 410640 | I18: 58bs- | J18: gvnveye-- | K18: D | L18: 62 | M18: 6710 | N18: =N17+M17 -> 71530
C19: kvwgg Av`vq-- | D19: C | F19: 3080 | G19: =G18+F18 -> 422270 | I19: 59bs- | J19: mvjvg-- | K19: D | L19: 63 | M19: 4100 | N19: =N18+M18 -> 78240
... C27: Av‡bvqvi Av`vq-- | D27: C | F27: 1100 | G27: =G26+F26 -> 451690 | I27: 67bs- | J27: bM`-- | K27: D | L27: 51 | M27: 300 | N27: =N26+M26 -> 112930
C28: Avjvwgb Av`vq-- | D28: C | F28: 1880 | G28: =G27+F27 -> 452790 | K28: D | N28: =N27+M27 -> 113230
C29: jyrdvi Av`vq-- | D29: C | F29: 14000 | G29: =G28+F28 -> 454670 | K29: D | N29: =N28+M28 -> 113230
C30: bM` weµq-- | D30: C | F30: 8550 | G30: =G29+F29 -> 468670 | K30: D | N30: =N29+M29 -> 113230
C31: bM` weµq-- | D31: C | F31: 300 | G31: =G30+F30 -> 477220 | J31: c~‡e©i LiP-3820 | K31: D | N31: =N30+M30 -> 113230
D32: C | G32: =G31+F31 -> 477520 | J32: AvR‡Ki LiP-1540 | K32: D | N32: =N31+M31 -> 113230
D33: C | G33: =G32+F32 -> 477520 | J33: ‡gvU LiP= 5360 | K33: D | N33: =N32+M32 -> 113230
D34: C | G34: =G33+F33 -> 477520 | K34: D | N34: =N33+M33 -> 113230
A35: †gvU †µwWU t | D35: =G34+F34 -> 477520 | H35: ‡gvU †WweU t | K35: =N34+M34 -> 113230
A36: ‡gvU †WweU t | D36: =K35 -> 113230
A37: eZ©gvb K¨vk t | D37: =D35-D36 -> 364290

Sheet OCT (8)
A1: ‡gmvm© Imgvb wdm& | H1: ‡gmvm© Imgvb wdm&
A2: mvBb‡evW© evRvi grm Avor | H2: mvBb‡evW© evRvi grm Avor
A3: evi t | C3: g½jevi | D3: ‡µwWU | F3: ZvwiL t- | G3: 45573 | H3: evi t | J3: g½jevi | K3: ‡WwWU | M3: ZvwiL t- | N3: 45573
A4: c~‡e©i K¨vk-Bb-n¨vÛ t | F4: ='OCT (7)'!D37 -> 364290 | G4: **** | J4: Awdm LiP-- | K4: D | M4: 550 | N4: ****
C5: Kwgkb- | D5: C | F5: 8140 | G5: =F4 -> 364290 | J5: eKwkm-- | K5: D | M5: 300 | N5: =M4 -> 550
C6: gmwR`- | D6: C | F6: 40 | G6: =G5+F5 -> 372430 | J6: wbjy †gvevBj-- | K6: D | M6: 520 | N6: =N5+M5 -> 850
C7: mwgwZ- | D7: C | F7: 40 | G7: =G6+F6 -> 372470 | J7: gvmyg †gvevBj-- | K7: D | M7: 100 | N7: =N6+M6 -> 1370
C8: bM`- | D8: C | F8: 20830 | G8: =G7+F7 -> 372510 | J8: ÷vd‡`i bv¯Ív-- | K8: D | M8: 500 | N8: =N7+M7 -> 1470
C9: gvnveye Av`vq-- | D9: C | F9: 6710 | G9: =G8+F8 -> 393340 | I9: 68 | J9: ‡gv¯Í-- | K9: D | L9: 70 | M9: 61960 | N9: =N8+M8 -> 1970
C10: ‡mv‡nj Av`vq-- | D10: C | F10: 7040 | G10: =G9+F9 -> 400050 | I10: 69 | J10: ‡gvZv‡je-- | K10: D | L10: 71 | M10: 20190 | N10: =N9+M9 -> 63930
C11: iv¾vK Av`vq-- | D11: C | F11: 30000 | G11: =G10+F10 -> 407090 | I11: 70 | J11: jyrdi-- | K11: D | L11: 72 | M11: 6450 | N11: =N10+M10 -> 84120
C12: ‡ejv‡qZ Av`vq-- | D12: C | F12: 3150 | G12: =G11+F11 -> 437090 | I12: 71 | J12: iv¾vK-- | K12: D | L12: 73 | M12: 11350 | N12: =N11+M11 -> 90570
C13: ‡ngv‡qZ Av`vq-- | D13: C | F13: 1260 | G13: =G12+F12 -> 440240 | I13: 72 | J13: eKzj-- | K13: D | L13: 74 | M13: 30180 | N13: =N12+M12 -> 101920
C14: mvjvg Av`vq-- | D14: C | F14: 4100 | G14: =G13+F13 -> 441500 | I14: 73 | J14: wRKz-- | K14: D | L14: 75 | M14: 3950 | N14: =N13+M13 -> 132100
C15: ‰Zqe Av`vq-- | D15: C | F15: 2730 | G15: =G14+F14 -> 445600 | I15: 74 | J15: ‡gvt ˆZqe-- | K15: D | L15: 76 | M15: 4150 | N15: =N14+M14 -> 136050
C16: nvwKg Av`vq-- | D16: C | F16: 7670 | G16: =G15+F15 -> 448330 | I16: 75 | J16: ‡gvt RvwKi-- | K16: D | L16: 77 | M16: 1610 | N16: =N15+M15 -> 140200
C17: gwZb Av`vq-- | D17: C | F17: 2950 | G17: =G16+F16 -> 456000 | I17: 76 | J17: ‡gvt †ngv‡qZ-- | K17: D | L17: 78 | M17: 2780 | N17: =N16+M16 -> 141810
C18: ‡gvZv‡je Av`vq-- | D18: C | F18: 2500 | G18: =G17+F17 -> 458950 | I18: 77 | J18: ‡gvt gvneye-- | K18: D | L18: 79 | M18: 8310 | N18: =N17+M17 -> 144590
C19: kvgxg Av`vq-- | D19: C | F19: 3150 | G19: =G18+F18 -> 461450 | I19: 78 | J19: ‡gvt nvwKg-- | K19: D | L19: 80 | M19: 3530 | N19: =N18+M18 -> 152900
C20: kwn`yj Av`vq-- | D20: C | F20: 800 | G20: =G19+F19 -> 464600 | I20: 79 | J20: ‡gvt kwn`yj-- | K20: D | L20: 81 | M20: 2810 | N20: =N19+M19 -> 156430
... C24: jyrdi Av`vq-- | D24: C | F24: 12330 | G24: =G23+F23 -> 478800 | I24: 83 | J24: mvjvg-- | K24: D | L24: 85 | M24: 2100 | N24: =N23+M23 -> 168150
D25: C | G25: =G24+F24 -> 491130 | I25: 84 | J25: Gg`v`-- | K25: D | L25: 86 | M25: 1330 | N25: =N24+M24 -> 170250
D26: C | G26: =G25+F25 -> 491130 | I26: 85 | J26: gvgyb-- | K26: D | L26: 87 | M26: 3120 | N26: =N25+M25 -> 171580
D27: C | G27: =G26+F26 -> 491130 | I27: 86 | J27: AvwRRyj-- | K27: D | L27: 88 | M27: 3820 | N27: =N26+M26 -> 174700
D28: C | G28: =G27+F27 -> 491130 | I28: 87 | J28: bM`-- | K28: D | L28: 52 | M28: 20830 | N28: =N27+M27 -> 178520
D29: C | G29: =G28+F28 -> 491130 | I29: 88 | J29: Lvb KvKv-- | K29: D | L29: 53 | M29: 6300 | N29: =N28+M28 -> 199350
D30: C | G30: =G29+F29 -> 491130 | J30: ivZzj †ewk †bqv/K¨vk mU-- | K30: D | M30: 2650 | N30: =N29+M29 -> 205650
D31: C | G31: =G30+F30 -> 491130 | K31: D | N31: =N30+M30 -> 208300
D32: C | G32: =G31+F31 -> 491130 | J32: c~‡e©i LiP-5360 | K32: D | N32: =N31+M31 -> 208300
D33: C | G33: =G32+F32 -> 491130 | J33: AvR‡Ki LiP-4620 | K33: D | N33: =N32+M32 -> 208300
D34: C | G34: =G33+F33 -> 491130 | J34: ‡gvU LiP= 9980 | K34: D | N34: =N33+M33 -> 208300
A35: †gvU †µwWU t | D35: =G34+F34 -> 491130 | H35: ‡gvU †WweU t | K35: =N34+M34 -> 208300
A36: ‡gvU †WweU t | D36: =K35 -> 208300
A37: eZ©gvb K¨vk t | D37: =D35-D36 -> 282830

Sheet OCT (9)
A1: ‡gmvm© Imgvb wdm& | H1: ‡gmvm© Imgvb wdm&
A2: mvBb‡evW© evRvi grm Avor | H2: mvBb‡evW© evRvi grm Avor
A3: evi t | C3: eyaevi | D3: ‡µwWU | F3: ZvwiL t- | G3: 45574 | H3: evi t | J3: eyaevi | K3: ‡WwWU | M3: ZvwiL t- | N3: 45574
A4: c~‡e©i K¨vk-Bb-n¨vÛ t | F4: ='OCT (8)'!D37 -> 282830 | G4: **** | J4: Awdm LiP-- | K4: D | M4: 810 | N4: ****
C5: Kwgkb- | D5: C | F5: 7210 | G5: =F4 -> 282830 | J5: eKwkm-- | K5: D | M5: 240 | N5: =M4 -> 810
C6: gmwR`- | D6: C | F6: 50 | G6: =G5+F5 -> 290040 | J6: ÷vd‡`i bv¯Ív-- | K6: D | M6: 470 | N6: =N5+M5 -> 1050
C7: mwgwZ- | D7: C | F7: 50 | G7: =G6+F6 -> 290090 | I7: 89 | J7: Avt iv¾vK-- | K7: D | L7: 91 | M7: 9720 | N7: =N6+M6 -> 1520
C8: bM`- | D8: C | F8: 14930 | G8: =G7+F7 -> 290140 | I8: 90 | J8: ‡ejv‡qZ-- | K8: D | L8: 95 | M8: 6760 | N8: =N7+M7 -> 11240
C9: bM`- | D9: C | F9: 700 | G9: =G8+F8 -> 305070 | I9: 91 | J9: ‡gvt nvwKg-- | K9: D | L9: 96 | M9: 5170 | N9: =N8+M8 -> 18000
C10: bM`- | D10: C | F10: 3870 | G10: =G9+F9 -> 305770 | I10: 92 | J10: ‡gvt mvjvg-- | K10: D | L10: 97 | M10: 7050 | N10: =N9+M9 -> 23170
C11: bM`- | D11: C | F11: 2110 | G11: =G10+F10 -> 309640 | I11: 93 | J11: ‡gvt Ggvg-- | K11: D | L11: 98 | M11: 4050 | N11: =N10+M10 -> 30220
C12: bM`- | D12: C | F12: 9600 | G12: =G11+F11 -> 311750 | I12: 94 | J12: ‡gvt ˆZqe-- | K12: D | L12: 99 | M12: 5340 | N12: =N11+M11 -> 34270
C13: iv¾vK-- | D13: C | F13: 21250 | G13: =G12+F12 -> 321350 | I13: 95 | J13: ‡gvt ‡gv¯Í-- | K13: D | L13: 92 | M13: 50920 | N13: =N12+M12 -> 39610
C14: ‡gv¯Í-- | D14: C | F14: 12140 | G14: =G13+F13 -> 342600 | I14: 96 | J14: ‡gvt mvnveywÏb-- | K14: D | L14: 100 | M14: 2780 | N14: =N13+M13 -> 90530
C15: eKzj-- | D15: C | F15: 15330 | G15: =G14+F14 -> 354740 | I15: 97 | J15: dviæL-- | K15: D | L15: 58 | M15: 5100 | N15: =N14+M14 -> 93310
C16: Av‡bvqvi-- | D16: C | F16: 4150 | G16: =G15+F15 -> 370070 | I16: 98 | J16: eKzj-- | K16: D | L16: 93 | M16: 29350 | N16: =N15+M15 -> 98410
C17: gvgyb-- | D17: C | F17: 3120 | G17: =G16+F16 -> 374220 | I17: 99 | J17: kvwgg-- | K17: D | L17: 60 | M17: 3310 | N17: =N16+M16 -> 127760
C18: ‡ejv‡qZ-- | D18: C | F18: 5410 | G18: =G17+F17 -> 377340 | I18: 100 | J18: nv‡dR mv‡ne-- | K18: D | L18: 55 | M18: 3000 | N18: =N17+M17 -> 131070
... C23: ‡gvt gvneye-- | D23: C | F23: 8310 | G23: =G22+F22 -> 393120 | I23: 105 | J23: bM`-- | K23: D | L23: 56 | M23: 31210 | N23: =N22+M22 -> 150280
C24: ‡gvt kwn`yj-- | D24: C | F24: 2810 | G24: =G23+F23 -> 401430 | J24: gvmyg †eZb-- | K24: D | M24: 550 | N24: =N23+M23 -> 181490
C25: ‡gvt RvwKi-- | D25: C | F25: 1610 | G25: =G24+F24 -> 404240 | K25: D | N25: =N24+M24 -> 182040
C26: BbQvb-- | D26: C | F26: 1540 | G26: =G25+F25 -> 405850 | K26: D | N26: =N25+M25 -> 182040
C27: AvwRRyj-- | D27: C | F27: 3820 | G27: =G26+F26 -> 407390 | K27: D | N27: =N26+M26 -> 182040
C28: ivZzj †ewk †bqv/K¨vk mU-- | D28: C | F28: 2650 | G28: =G27+F27 -> 411210 | K28: D | N28: =N27+M27 -> 182040
D29: C | G29: =G28+F28 -> 413860 | J29: c~‡e©i LiP-9980 | K29: D | N29: =N28+M28 -> 182040
D30: C | G30: =G29+F29 -> 413860 | J30: AvR‡Ki LiP-2070 | K30: D | N30: =N29+M29 -> 182040
D31: C | G31: =G30+F30 -> 413860 | J31: ‡gvU LiP= 12050 | K31: D | N31: =N30+M30 -> 182040
D32: C | G32: =G31+F31 -> 413860 | J32: (-) ivZzj Rgv-- 2650 | K32: D | N32: =N31+M31 -> 182040
D33: C | G33: =G32+F32 -> 413860 | J33: ‡gvU LiP= 9400 | K33: D | N33: =N32+M32 -> 182040
D34: C | G34: =G33+F33 -> 413860 | K34: D | N34: =N33+M33 -> 182040
A35: †gvU †µwWU t | D35: =G34+F34 -> 413860 | H35: ‡gvU †WweU t | K35: =N34+M34 -> 182040
A36: ‡gvU †WweU t | D36: =K35 -> 182040
A37: eZ©gvb K¨vk t | D37: =D35-D36 -> 231820

Sheet OCT (10)
A1: ‡gmvm© Imgvb wdm& | H1: ‡gmvm© Imgvb wdm&
A2: mvBb‡evW© evRvi grm Avor | H2: mvBb‡evW© evRvi grm Avor
A3: evi t | C3: e„n¯úwZevi | D3: ‡µwWU | F3: ZvwiL t- | G3: 45575 | H3: evi t | J3: e„n¯úwZevi | K3: ‡WwWU | M3: ZvwiL t- | N3: 45575
A4: c~‡e©i K¨vk-Bb-n¨vÛ t | F4: ='OCT (9)'!D37 -> 231820 | G4: **** | J4: Awdm LiP-- | K4: D | M4: 60 | N4: ****
C5: Kwgkb- | D5: C | F5: 9660 | G5: =F4 -> 231820 | J5: eKwkm-- | K5: D | M5: 320 | N5: =M4 -> 60
C6: gmwR`- | D6: C | F6: 50 | G6: =G5+F5 -> 241480 | J6: ÷vd‡`i bv¯Ív-- | K6: D | M6: 500 | N6: =N5+M5 -> 380
C7: mwgwZ- | D7: C | F7: 50 | G7: =G6+F6 -> 241530 | I7: 106 | J7: ‡gvt iv¾vK-- | K7: D | L7: 101 | M7: 2160 | N7: =N6+M6 -> 880
C8: iv¾vK-- | D8: C | F8: 11350 | G8: =G7+F7 -> 241580 | I8: 107 | J8: ‡gvt jytdvi-- | K8: D | L8: 102 | M8: 14190 | N8: =N7+M7 -> 3040
C9: ‡gv¯Í-- | D9: C | F9: 61960 | G9: =G8+F8 -> 252930 | I9: 108 | J9: ‡gvt ‡gv¯Í -- | K9: D | L9: 103 | M9: 31270 | N9: =N8+M8 -> 17230
C10: eKzj-- | D10: C | F10: 30180 | G10: =G9+F9 -> 314890 | I10: 109 | J10: ‡gvt wRKz-- | K10: D | L10: 104 | M10: 15810 | N10: =N9+M9 -> 48500
C11: ‡gvZv‡je-- | D11: C | F11: 6450 | G11: =G10+F10 -> 345070 | I11: 110 | J11: ‡gvt †mvnvM-- | K11: D | L11: 119 | M11: 2480 | N11: =N10+M10 -> 64310
C12: jyrdvi-- | D12: C | F12: 20190 | G12: =G11+F11 -> 351520 | I12: 111 | J12: ‡gvt mvjvg-- | K12: D | L12: 105 | M12: 10080 | N12: =N11+M11 -> 66790
C13: wRKz-- | D13: C | F13: 3950 | G13: =G12+F12 -> 371710 | I13: 112 | J13: ‡gvt †ngv‡qZ-- | K13: D | L13: 106 | M13: 10390 | N13: =N12+M12 -> 76870
C14: Gg`v`-- | D14: C | F14: 1330 | G14: =G13+F13 -> 375660 | I14: 113 | J14: mvnveywÏb-- | K14: D | L14: 107 | M14: 6430 | N14: =N13+M13 -> 87260
C15: ‰Zqe-- | D15: C | F15: 9490 | G15: =G14+F14 -> 376990 | I15: 114 | J15: jvj fvB-- | K15: D | L15: 109 | M15: 2590 | N15: =N14+M14 -> 93690
C16: gnvwmb-- | D16: C | F16: 2360 | G16: =G15+F15 -> 386480 | I16: 115 | J16: kvwgg-- | K16: D | L16: 110 | M16: 7080 | N16: =N15+M15 -> 96280
C17: AvwRRyj-- | D17: C | F17: 6300 | G17: =G16+F16 -> 388840 | I17: 116 | J17: ‡gvnwmb-- | K17: D | L17: 111 | M17: 1070 | N17: =N16+M16 -> 103360
C18: Gbmvb-- | D18: C | F18: 3460 | G18: =G17+F17 -> 395140 | I18: 117 | J18: RvwKi-- | K18: D | L18: 112 | M18: 1690 | N18: =N17+M17 -> 104430
... C25: bM`-- | D25: C | F25: 79620 | G25: =G24+F24 -> 427720 | I25: 124 | J25: kvwKj-- | K25: D | L25: 120 | M25: 13810 | N25: =N24+M24 -> 142230
D26: C | G26: =G25+F25 -> 507340 | I26: 125 | J26: nvwKg-- | K26: D | L26: 121 | M26: 4710 | N26: =N25+M25 -> 156040
D27: C | G27: =G26+F26 -> 507340 | I27: 126 | J27: iæûj Avwgb-- | K27: D | L27: 122 | M27: 2020 | N27: =N26+M26 -> 160750
D28: C | G28: =G27+F27 -> 507340 | I28: 127 | J28: kvnvRvb-- | K28: D | L28: 71 | M28: 100 | N28: =N27+M27 -> 162770
D29: C | G29: =G28+F28 -> 507340 | I29: 128 | J29: bM`-- | K29: D | L29: 72 | M29: 79620 | N29: =N28+M28 -> 162870
D30: C | G30: =G29+F29 -> 507340 | J30: gvmyg †eZb-- | K30: D | M30: 440 | N30: =N29+M29 -> 242490
D31: C | G31: =G30+F30 -> 507340 | K31: D | N31: =N30+M30 -> 242930
D32: C | G32: =G31+F31 -> 507340 | J32: c~‡e©i LiP-9400 | K32: D | N32: =N31+M31 -> 242930
D33: C | G33: =G32+F32 -> 507340 | J33: AvR‡Ki LiP-1320 | K33: D | N33: =N32+M32 -> 242930
C34: 264860 | D34: C | G34: =G33+F33 -> 507340 | J34: ‡gvU LiP= 10720 | K34: D | N34: =N33+M33 -> 242930
A35: †gvU †µwWU t | D35: =G34+F34 -> 507340 | H35: ‡gvU †WweU t | K35: =N34+M34 -> 242930
A36: ‡gvU †WweU t | D36: =K35 -> 242930
A37: eZ©gvb K¨vk t | D37: =D35-D36 -> 264410

Sheet OCT (11)
A1: ‡gmvm© Imgvb wdm& | H1: ‡gmvm© Imgvb wdm&
A2: mvBb‡evW© evRvi grm Avor | H2: mvBb‡evW© evRvi grm Avor
A3: evi t | C3: ïµevi | D3: ‡µwWU | F3: ZvwiL t- | G3: 45576 | H3: evi t | J3: ïµevi | K3: ‡WwWU | M3: ZvwiL t- | N3: 45576
A4: c~‡e©i K¨vk-Bb-n¨vÛ t | F4: ='OCT (10)'!D37 -> 264410 | G4: **** | J4: Awdm LiP-- | K4: D | M4: 130 | N4: ****
C5: Kwgkb- | D5: C | F5: 10490 | G5: =F4 -> 264410 | J5: eKwkm-- | K5: D | M5: 440 | N5: =M4 -> 130
C6: gmwR`- | D6: C | F6: 80 | G6: =G5+F5 -> 274900 | J6: ÷vd‡`i bv¯Ív-- | K6: D | M6: 500 | N6: =N5+M5 -> 570
C7: mwgwZ- | D7: C | F7: 80 | G7: =G6+F6 -> 274980 | I7: 130 | J7: wRKz-- | K7: D | L7: 124 | M7: 70650 | N7: =N6+M6 -> 1070
C8: ‡mvnvM-- | D8: C | F8: 2480 | G8: =G7+F7 -> 275060 | I8: 131 | J8: ‡gvZv‡je-- | K8: D | L8: 128 | M8: 9290 | N8: =N7+M7 -> 71720
C9: jyrdvi-- | D9: C | F9: 15500 | G9: =G8+F8 -> 277540 | I9: 132 | J9: ‡mvnvM-- | K9: D | L9: 138 | M9: 4030 | N9: =N8+M8 -> 81010
C10: gnvwmb-- | D10: C | F10: 1070 | G10: =G9+F9 -> 293040 | I10: 133 | J10: jyrdvi-- | K10: D | L10: 127 | M10: 22060 | N10: =N9+M9 -> 85040
C11: Av‡bvqvi-- | D11: C | F11: 3350 | G11: =G10+F10 -> 294110 | I11: 134 | J11: RvwKi Avor-- | K11: D | L11: 123 | M11: 5920 | N11: =N10+M10 -> 107100
C12: jvj fvB-- | D12: C | F12: 2590 | G12: =G11+F11 -> 297460 | I12: 135 | J12: AvjgwMi-- | K12: D | L12: 144 | M12: 2800 | N12: =N11+M11 -> 113020
C13: ‡ejv‡qZ-- | D13: C | F13: 4490 | G13: =G12+F12 -> 300050 | I13: 136 | J13: Av‡bvqvi-- | K13: D | L13: 132 | M13: 4150 | N13: =N12+M12 -> 115820
C14: kvwKj-- | D14: C | F14: 13810 | G14: =G13+F13 -> 304540 | I14: 137 | J14: ‡ejv‡qZ-- | K14: D | L14: 141 | M14: 21160 | N14: =N13+M13 -> 119970
C15: Avmv`-- | D15: C | F15: 6710 | G15: =G14+F14 -> 318350 | I15: 138 | J15: kvwKj-- | K15: D | L15: 131 | M15: 13830 | N15: =N14+M14 -> 141130
C16: ‡ngv‡qZ-- | D16: C | F16: 10390 | G16: =G15+F15 -> 325060 | I16: 139 | J16: Avmv`-- | K16: D | L16: 139 | M16: 2020 | N16: =N15+M15 -> 154960
C17: Kwig-- | D17: C | F17: 7000 | G17: =G16+F16 -> 335450 | I17: 140 | J17: gwZb-- | K17: D | L17: 126 | M17: 12380 | N17: =N16+M16 -> 156980
C18: kvwgg | D18: C | F18: 7080 | G18: =G17+F17 -> 342450 | I18: 141 | J18: ‡ngv‡qZ-- | K18: D | L18: 140 | M18: 6890 | N18: =N17+M17 -> 169360
... C26: ‡mwjg-- | D26: C | F26: 10000 | G26: =G25+F25 -> 414050 | I26: 149 | J26: mvBdzj-- | K26: D | L26: 143 | M26: 3310 | N26: =N25+M25 -> 212090
D27: C | G27: =G26+F26 -> 424050 | I27: 150 | J27: Rvnvw½i-- | K27: D | L27: 136 | M27: 2430 | N27: =N26+M26 -> 215400
C28: c~‡e©i LiP-10720 | D28: C | G28: =G27+F27 -> 424050 | I28: 151 | J28: Avjg-- | K28: D | L28: 135 | M28: 5950 | N28: =N27+M27 -> 217830
C29: AvR‡Ki LiP-1070 | D29: C | G29: =G28+F28 -> 424050 | I29: 152 | J29: Avjg †gvjøv-- | K29: D | L29: 134 | M29: 3420 | N29: =N28+M28 -> 223780
C30: ‡gvU LiP= 11790 | D30: C | G30: =G29+F29 -> 424050 | I30: 153 | J30: bM`-- | K30: D | L30: 129 | M30: 6340 | N30: =N29+M29 -> 227200
D31: C | G31: =G30+F30 -> 424050 | I31: 154 | J31: bM`-- | K31: D | L31: 142 | M31: 3020 | N31: =N30+M30 -> 233540
C32: AvR‡Ki evKx = 2,26,130/= | D32: C | G32: =G31+F31 -> 424050 | I32: 155 | J32: bM`-- | K32: D | L32: 145 | M32: 3740 | N32: =N31+M31 -> 236560
C33: AvR‡Ki Av`vq = 1,02,710/= | D33: C | G33: =G32+F32 -> 424050 | I33: 156 | J33: bM`-- | K33: D | L33: 101 | M33: 23180 | N33: =N32+M32 -> 240300
D34: C | G34: =G33+F33 -> 424050 | K34: D | N34: =N33+M33 -> 263480
A35: †gvU †µwWU t | D35: =G34+F34 -> 424050 | H35: ‡gvU †WweU t | K35: =N34+M34 -> 263480
A36: ‡gvU †WweU t | D36: =K35 -> 263480
A37: eZ©gvb K¨vk t | D37: =D35-D36 -> 160570

Sheet OCT (12)
A1: ‡gmvm© Imgvb wdm& | H1: ‡gmvm© Imgvb wdm&
A2: mvBb‡evW© evRvi grm Avor | H2: mvBb‡evW© evRvi grm Avor
A3: evi t | C3: kwbevi | D3: ‡µwWU | F3: ZvwiL t- | G3: 45577 | H3: evi t | J3: kwbevi | K3: ‡WwWU | M3: ZvwiL t- | N3: 45577
A4: c~‡e©i K¨vk-Bb-n¨vÛ t | F4: ='OCT (11)'!D37 -> 160570 | G4: **** | J4: Awdm LiP-- | K4: D | M4: 80 | N4: ****
C5: Kwgkb- | D5: C | F5: 7120 | G5: =F4 -> 160570 | J5: eKwkm-- | K5: D | M5: 1970 | N5: =M4 -> 80
C6: gmwR`- | D6: C | F6: 50 | G6: =G5+F5 -> 167690 | J6: ÷vd‡`i bv¯Ív-- | K6: D | M6: 300 | N6: =N5+M5 -> 2050
C7: mwgwZ- | D7: C | F7: 50 | G7: =G6+F6 -> 167740 | J7: Ggv`yj †eZb-- | K7: D | M7: 3000 | N7: =N6+M6 -> 2350
C8: ‡mvnvM Av`vq-- | D8: C | F8: 4030 | G8: =G7+F7 -> 167790 | I8: 157 | J8: wRKz-- | K8: D | L8: 159 | M8: 4700 | N8: =N7+M7 -> 5350
C9: RvwKi Av`vq-- | D9: C | F9: 5920 | G9: =G8+F8 -> 171820 | I9: 158 | J9: ‡gvZv‡je-- | K9: D | L9: 150 | M9: 71470 | N9: =N8+M8 -> 10050
C10: dviæK Av`vq-- | D10: C | F10: 5100 | G10: =G9+F9 -> 177740 | I10: 159 | J10: AvjgwMi-- | K10: D | L10: 157 | M10: 3200 | N10: =N9+M9 -> 81520
C11: wUUz Av`vq-- | D11: C | F11: 3350 | G11: =G10+F10 -> 182840 | I11: 160 | J11: ‡ejv‡qZ-- | K11: D | L11: 149 | M11: 14700 | N11: =N10+M10 -> 84720
C12: mvjvg Av`vq-- | D12: C | F12: 10080 | G12: =G11+F11 -> 186190 | I12: 161 | J12: kvwKj-- | K12: D | L12: 156 | M12: 3060 | N12: =N11+M11 -> 99420
C13: kvwnb Av`vq-- | D13: C | F13: 20080 | G13: =G12+F12 -> 196270 | I13: 162 | J13: kvwnb-- | K13: D | L13: 160 | M13: 3010 | N13: =N12+M12 -> 102480
C14: `yjy Av`vq-- | D14: C | F14: 2810 | G14: =G13+F13 -> 216350 | I14: 163 | J14: nvwKg-- | K14: D | L14: 153 | M14: 3150 | N14: =N13+M13 -> 105490
C15: AvjgwMi KPzqv Av`vq-- | D15: C | F15: 2800 | G15: =G14+F14 -> 219160 | I15: 164 | J15: kvnveywÏb-- | K15: D | L15: 154 | M15: 4950 | N15: =N14+M14 -> 108640
C16: kwn`yj Av`vq-- | D16: C | F16: 3310 | G16: =G15+F15 -> 221960 | I16: 165 | J16: BKivg-- | K16: D | L16: 151 | M16: 13410 | N16: =N15+M15 -> 113590
C17: ‡ejv‡qZ Av`vq-- | D17: C | F17: 21160 | G17: =G16+F16 -> 225270 | I17: 166 | J17: gyiv`-- | K17: D | L17: 152 | M17: 42310 | N17: =N16+M16 -> 127000
C18: ‡ngv‡qZ Av`vq-- | D18: C | F18: 6890 | G18: =G17+F17 -> 246430 | I18: 167 | J18: ev`kv-- | K18: D | L18: 155 | M18: 1930 | N18: =N17+M17 -> 169310
C19: Avmv` Av`vq-- | D19: C | F19: 2020 | G19: =G18+F18 -> 253320 | I19: 168 | J19: wgRvb-- | K19: D | L19: 161 | M19: 6680 | N19: =N18+M18 -> 171240
C20: nvwKg Av`vq-- | D20: C | F20: 6830 | G20: =G19+F19 -> 255340 | I20: 169 | J20: bM`-- | K20: D | L20: 121 | M20: 5650 | N20: =N19+M19 -> 177920
C21: Rvnvw½i Av`vq-- | D21: C | F21: 2430 | G21: =G20+F20 -> 262170 | K21: D | N21: =N20+M20 -> 183570
C22: Avjg evRvi Av`vq-- | D22: C | F22: 5950 | G22: =G21+F21 -> 264600 | K22: D | N22: =N21+M21 -> 183570
C23: Avjg ‡gvjøv Av`vq-- | D23: C | F23: 3420 | G23: =G22+F22 -> 270550 | K23: D | N23: =N22+M22 -> 183570
C24: Avjvwgb Av`vq-- | D24: C | F24: 560 | G24: =G23+F23 -> 273970 | K24: D | N24: =N23+M23 -> 183570
C25: kvwKj Av`vq-- | D25: C | F25: 13830 | G25: =G24+F24 -> 274530 | K25: D | N25: =N24+M24 -> 183570
C26: bM` weµq-- | D26: C | F26: 5650 | G26: =G25+F25 -> 288360 | K26: D | N26: =N25+M25 -> 183570
D27: C | G27: =G26+F26 -> 294010 | K27: D | N27: =N26+M26 -> 183570
D28: C | G28: =G27+F27 -> 294010 | K28: D | N28: =N27+M27 -> 183570
D29: C | G29: =G28+F28 -> 294010 | J29: c~‡e©i LiP-11790 | K29: D | N29: =N28+M28 -> 183570
D30: C | G30: =G29+F29 -> 294010 | J30: AvR‡Ki LiP-5350 | K30: D | N30: =N29+M29 -> 183570
C31: AvR‡Ki evKx = 1,72,570/= | D31: C | G31: =G30+F30 -> 294010 | J31: ‡gvU LiP= 17140 | K31: D | N31: =N30+M30 -> 183570
C32: AvR‡Ki Av`vq = 1,20,570/= | D32: C | G32: =G31+F31 -> 294010 | K32: D | N32: =N31+M31 -> 183570
D33: C | G33: =G32+F32 -> 294010 | K33: D | N33: =N32+M32 -> 183570
D34: C | G34: =G33+F33 -> 294010 | K34: D | N34: =N33+M33 -> 183570
A35: †gvU †µwWU t | D35: =G34+F34 -> 294010 | H35: ‡gvU †WweU t | K35: =N34+M34 -> 183570
A36: ‡gvU †WweU t | D36: =K35 -> 183570
A37: eZ©gvb K¨vk t | D37: =D35-D36 -> 110440

Sheet OCT (13)
A1: ‡gmvm© Imgvb wdm& | H1: ‡gmvm© Imgvb wdm&
A2: mvBb‡evW© evRvi grm Avor | H2: mvBb‡evW© evRvi grm Avor
A3: evi t | C3: iweevi | D3: ‡µwWU | F3: ZvwiL t- | G3: 45578 | H3: evi t | J3: iweevi | K3: ‡WwWU | M3: ZvwiL t- | N3: 45578
A4: c~‡e©i K¨vk-Bb-n¨vÛ t | F4: ='OCT (12)'!D37 -> 110440 | G4: **** | J4: Awdm LiP-- | K4: D | M4: 320 | N4: ****
C5: Kwgkb- | D5: C | F5: 14880 | G5: =F4 -> 110440 | J5: ÷vd‡`i bv¯Ív-- | K5: D | M5: 300 | N5: =M4 -> 320
C6: gmwR`- | D6: C | F6: 120 | G6: =G5+F5 -> 125320 | J6: eKwkm-- | K6: D | L6: 260 | M6: 1210 | N6: =N5+M5 -> 620
C7: mwgwZ- | D7: C | F7: 120 | G7: =G6+F6 -> 125440 | I7: 170 | J7: iv¾vK-- | K7: D | L7: 163 | M7: 10730 | N7: =N6+M6 -> 1830
C8: g~jab †`qv-- | D8: C | F8: 200000 | G8: =G7+F7 -> 125560 | I8: 171 | J8: eKzj-- | K8: D | L8: 191 | M8: 1130 | N8: =N7+M7 -> 12560
C9: jyrdvi Av`vq-- | D9: C | F9: 23850 | G9: =G8+F8 -> 325560 | I9: 172 | J9: wRKz-- | K9: D | L9: 185 | M9: 45370 | N9: =N8+M8 -> 13690
C10: ‡gvZv‡je-- | D10: C | F10: 9000 | G10: =G9+F9 -> 349410 | I10: 173 | J10: jyrdvi-- | K10: D | L10: 182 | M10: 34850 | N10: =N9+M9 -> 59060
C11: Lvb KvKv-- | D11: C | F11: 6300 | G11: =G10+F10 -> 358410 | I11: 174 | J11: gyiv` (XvKv)-- | K11: D | L11: 169 | M11: 67200 | N11: =N10+M10 -> 93910
C12: nv‡dR mv‡ne-- | D12: C | F12: 3000 | G12: =G11+F11 -> 364710 | I12: 175 | J12: Rvnvw½i-- | K12: D | L12: 192 | M12: 4100 | N12: =N11+M11 -> 161110
C13: kvnRvnvb-- | D13: C | F13: 100 | G13: =G12+F12 -> 367710 | I13: 176 | J13: evnv`yi-- | K13: D | L13: 187 | M13: 5360 | N13: =N12+M12 -> 165210
C14: gwZb-- | D14: C | F14: 12380 | G14: =G13+F13 -> 367810 | I14: 177 | J14: Gbmvb-- | K14: D | L14: 186 | M14: 5780 | N14: =N13+M13 -> 170570
C15: kwn`yj-- | D15: C | F15: 650 | G15: =G14+F14 -> 380190 | I15: 178 | J15: wgRvb-- | K15: D | L15: 184 | M15: 4960 | N15: =N14+M14 -> 176350
C16: Av‡bvqvi-- | D16: C | F16: 4150 | G16: =G15+F15 -> 380840 | I16: 179 | J16: iv‡mj-- | K16: D | L16: 183 | M16: 3720 | N16: =N15+M15 -> 181310
C17: Kwig-- | D17: C | F17: 3890 | G17: =G16+F16 -> 384990 | I17: 180 | J17: iæûj-- | K17: D | L17: 179 | M17: 4560 | N17: =N16+M16 -> 185030
C18: GKivg-- | D18: C | F18: 13410 | G18: =G17+F17 -> 388880 | I18: 181 | J18: BKevj-- | K18: D | L18: 181 | M18: 5470 | N18: =N17+M17 -> 189590
... C25: bM` weµq-- | D25: C | F25: 27500 | G25: =G24+F24 -> 437840 | I25: 188 | J25: imyj-- | K25: D | L25: 172 | M25: 3110 | N25: =N24+M24 -> 252870
D26: C | G26: =G25+F25 -> 465340 | I26: 189 | J26: Bgvg-- | K26: D | L26: 170 | M26: 6850 | N26: =N25+M25 -> 255980
C27: AvR‡Ki evKx = 3,45,080/= | D27: C | G27: =G26+F26 -> 465340 | I27: 190 | J27: gvneye-- | K27: D | L27: 168 | M27: 17860 | N27: =N26+M26 -> 262830
C28: AvR‡Ki Av`vq = 1,12,280/= | D28: C | G28: =G27+F27 -> 465340 | I28: 191 | J28: wUUz-- | K28: D | L28: 167 | M28: 7530 | N28: =N27+M27 -> 280690
D29: C | G29: =G28+F28 -> 465340 | I29: 192 | J29: gwZb-- | K29: D | L29: 189171 | M29: 30280 | N29: =N28+M28 -> 288220
D30: C | G30: =G29+F29 -> 465340 | I30: 193 | J30: m`v-- | K30: D | L30: 190 | M30: 210 | N30: =N29+M29 -> 318500
C31: c~‡e©i LiP-17140 | D31: C | G31: =G30+F30 -> 465340 | I31: 194 | J31: kvwKj-- | K31: D | L31: 164 | M31: 7590 | N31: =N30+M30 -> 318710
C32: AvR‡Ki LiP-1830 | D32: C | G32: =G31+F31 -> 465340 | I32: 195 | J32: Av‡bvqvi-- | K32: D | L32: 165 | M32: 20610 | N32: =N31+M31 -> 326300
C33: ‡gvU LiP= 18970 | D33: C | G33: =G32+F32 -> 465340 | I33: 196 | J33: bM` weµq-- | K33: D | L33: 161 | M33: 27500 | N33: =N32+M32 -> 346910
D34: C | G34: =G33+F33 -> 465340 | K34: D | N34: =N33+M33 -> 374410
A35: †gvU †µwWU t | D35: =G34+F34 -> 465340 | H35: ‡gvU †WweU t | K35: =N34+M34 -> 374410
A36: ‡gvU †WweU t | D36: =K35 -> 374410
A37: eZ©gvb K¨vk t | D37: =D35-D36 -> 90930

Sheet OCT (14)
A1: ‡gmvm© Imgvb wdm& | H1: ‡gmvm© Imgvb wdm&
A2: mvBb‡evW© evRvi grm Avor | H2: mvBb‡evW© evRvi grm Avor
A3: evi t | C3: ‡mvgevi | D3: ‡µwWU | F3: ZvwiL t- | G3: 45579 | H3: evi t | J3: ‡mvgevi | K3: ‡WwWU | M3: ZvwiL t- | N3: 45579
A4: c~‡e©i K¨vk-Bb-n¨vÛ t | F4: ='OCT (13)'!D37 -> 90930 | G4: **** | J4: Awdm LiP-- | K4: D | M4: 200 | N4: ****
C5: Kwgkb- | D5: C | F5: 19340 | G5: =F4 -> 90930 | J5: ÷vd‡`i bv¯Ív-- | K5: D | M5: 250 | N5: =M4 -> 200
C6: gmwR`- | D6: C | F6: 160 | G6: =G5+F5 -> 110270 | J6: eKwkm-- | K6: D | L6: 200 | M6: 1450 | N6: =N5+M5 -> 450
C7: mwgwZ- | D7: C | F7: 160 | G7: =G6+F6 -> 110430 | I7: 197 | J7: iv¾vK-- | K7: D | L7: 200 | M7: 30740 | N7: =N6+M6 -> 1900
C8: g~jab-- | D8: C | F8: 400000 | G8: =G7+F7 -> 110590 | I8: 198 | J8: ‡gv¯Í XvKv-- | K8: D | L8: 202 | M8: 34360 | N8: =N7+M7 -> 32640
C9: jyrdvi-- | D9: C | F9: 25000 | G9: =G8+F8 -> 510590 | I9: 199 | J9: eKzj XvKv-- | K9: D | L9: 195 | M9: 70050 | N9: =N8+M8 -> 67000
C10: ‡mvnvM-- | D10: C | F10: 4210 | G10: =G9+F9 -> 535590 | I10: 200 | J10: wRKz fvB-- | K10: D | L10: 197 | M10: 14710 | N10: =N9+M9 -> 137050
C11: AvjgwMi-- | D11: C | F11: 3200 | G11: =G10+F10 -> 539800 | I11: 201 | J11: ‡gvZv‡je-- | K11: D | L11: 194 | M11: 27890 | N11: =N10+M10 -> 151760
C12: kvwKj-- | D12: C | F12: 7590 | G12: =G11+F11 -> 543000 | I12: 202 | J12: ‡mvnvM-- | K12: D | L12: 200 | M12: 4970 | N12: =N11+M11 -> 179650
C13: ‡ejv‡qZ-- | D13: C | F13: 10280 | G13: =G12+F12 -> 550590 | I13: 203 | J13: jyrdi-- | K13: D | L13: 196 | M13: 22310 | N13: =N12+M12 -> 184620
C14: gvneye-- | D14: C | F14: 17860 | G14: =G13+F13 -> 560870 | I14: 204 | J14: gyiv` -- | K14: D | L14: 210 | M14: 11600 | N14: =N13+M13 -> 206930
C15: Ggvg-- | D15: C | F15: 6850 | G15: =G14+F14 -> 578730 | I15: 205 | J15: ‡ejv‡qZ-- | K15: D | L15: 204 | M15: 9510 | N15: =N14+M14 -> 218530
C16: imyj-- | D16: C | F16: 3110 | G16: =G15+F15 -> 585580 | I16: 206 | J16: gwZb-- | K16: D | L16: 198 | M16: 25050 | N16: =N15+M15 -> 228040
C17: kwn`yj-- | D17: C | F17: 6070 | G17: =G16+F16 -> 588690 | I17: 207 | J17: ‡ngv‡qZ-- | K17: D | L17: 207 | M17: 8660 | N17: =N16+M16 -> 253090
C18: iæûj-- | D18: C | F18: 4560 | G18: =G17+F17 -> 594760 | I18: 208 | J18: Bgvg-- | K18: D | L18: 215 | M18: 7690 | N18: =N17+M17 -> 261750
... C23: bM`-- | D23: C | F23: 33700 | G23: =G22+F22 -> 619250 | I23: 213 | J23: AvwRRyj-- | K23: D | L23: 199 | M23: 80550 | N23: =N22+M22 -> 282540
D24: C | G24: =G23+F23 -> 652950 | I24: 214 | J24: GKivg-- | K24: D | L24: 217 | M24: 4600 | N24: =N23+M23 -> 363090
D25: C | G25: =G24+F24 -> 652950 | I25: 215 | J25: Rqbvj-- | K25: D | L25: 205 | M25: 10920 | N25: =N24+M24 -> 367690
D26: C | G26: =G25+F25 -> 652950 | I26: 216 | J26: kwn`-- | K26: D | L26: 206 | M26: 6330 | N26: =N25+M25 -> 378610
D27: C | G27: =G26+F26 -> 652950 | I27: 217 | J27: BwjqvQ-- | K27: D | L27: 211 | M27: 5930 | N27: =N26+M26 -> 384940
C28: AvR‡Ki evKx = 4,50,390/= | D28: C | G28: =G27+F27 -> 652950 | I28: 218 | J28: my‡`e-- | K28: D | L28: 213 | M28: 550 | N28: =N27+M27 -> 390870
C29: AvR‡Ki Av`vq = 1,08,660/= | D29: C | G29: =G28+F28 -> 652950 | I29: 219 | J29: RvwKi-- | K29: D | L29: 214 | M29: 720 | N29: =N28+M28 -> 391420
D30: C | G30: =G29+F29 -> 652950 | I30: 220 | J30: w`b eÜz-- | K30: D | L30: 216 | M30: 39780 | N30: =N29+M29 -> 392140
D31: C | G31: =G30+F30 -> 652950 | I31: 221 | J31: ‰Zqe fvB-- | K31: D | L31: 218 | M31: 2970 | N31: =N30+M30 -> 431920
C32: c~‡e©i LiP-18970 | D32: C | G32: =G31+F31 -> 652950 | I32: 222 | J32: gvneye wi‡mvU©-- | K32: D | L32: 219 | M32: 12160 | N32: =N31+M31 -> 434890
C33: AvR‡Ki LiP-1900 | D33: C | G33: =G32+F32 -> 652950 | I33: 223 | J33: BKevj-- | K33: D | L33: 220 | M33: 2500 | N33: =N32+M32 -> 447050
C34: ‡gvU LiP= 20870 | D34: C | G34: =G33+F33 -> 652950 | I34: 224 | J34: ‡gvt gvgyb-- | K34: D | L34: 222 | M34: 2740 | N34: =N33+M33 -> 449550
D35: C | G35: =G34+F34 -> 652950 | I35: 225+226 | J35: bM`-- | K35: D | L35: 193201 | M35: 33700 | N35: =N34+M34 -> 452290
D36: C | G36: =G35+F35 -> 652950 | J36: ‡mwj‡gi cvIbv UvKv cwi‡kva-- | K36: D | M36: 10000 | N36: =N35+M35 -> 485990
D37: C | G37: =G36+F36 -> 652950 | J37: wbjy avi-- | K37: D | M37: 16400 | N37: =N36+M36 -> 495990
A38: †gvU †µwWU t | D38: =G37+F37 -> 652950 | H38: ‡gvU †WweU t | K38: =N37+M37 -> 512390
A39: ‡gvU †WweU t | D39: =K38 -> 512390
A40: eZ©gvb K¨vk t | D40: =D38-D39 -> 140560

Sheet OCT (15)
A1: ‡gmvm© Imgvb wdm& | H1: ‡gmvm© Imgvb wdm&
A2: mvBb‡evW© evRvi grm Avor | H2: mvBb‡evW© evRvi grm Avor
A3: evi t | C3: g½jevi | D3: ‡µwWU | F3: ZvwiL t- | G3: 45580 | H3: evi t | J3: g½jevi | K3: ‡WwWU | M3: ZvwiL t- | N3: 45580
A4: c~‡e©i K¨vk-Bb-n¨vÛ t | F4: ='OCT (14)'!D40 -> 140560 | G4: **** | J4: Awdm LiP-- | K4: D | M4: 1000 | N4: ****
C5: Kwgkb-- | D5: C | F5: 11970 | G5: =F4 -> 140560 | J5: eKwkm-- | K5: D | M5: 690 | N5: =M4 -> 1000
C6: gmwR`- | D6: C | F6: 130 | G6: =G5+F5 -> 152530 | J6: ÷vd‡`i bv¯Ív-- | K6: D | M6: 410 | N6: =N5+M5 -> 1690
C7: mwgwZ- | D7: C | F7: 130 | G7: =G6+F6 -> 152660 | I7: 227 | J7: iv¾vK-- | K7: D | M7: 6680 | N7: =N6+M6 -> 2100
C8: g~jab †`qv-- | D8: C | F8: 50000 | G8: =G7+F7 -> 152790 | I8: 228 | J8: ‡gv¯Í-- | K8: D | M8: 10420 | N8: =N7+M7 -> 8780
C9: wbjy Rgv-- | D9: C | F9: 16400 | G9: =G8+F8 -> 202790 | I9: 229 | J9: eKzj-- | K9: D | M9: 14050 | N9: =N8+M8 -> 19200
C10: iv¾vK-- | D10: C | F10: 22610 | G10: =G9+F9 -> 219190 | I10: 230 | J10: wRKz-- | K10: D | M10: 39410 | N10: =N9+M9 -> 33250
C11: ‡gv¯Í-- | D11: C | F11: 60000 | G11: =G10+F10 -> 241800 | I11: 231 | J11: ‡gvZv‡je-- | K11: D | M11: 16500 | N11: =N10+M10 -> 72660
C12: eKzj-- | D12: C | F12: 29350 | G12: =G11+F11 -> 301800 | I12: 232 | J12: jyrdvi-- | K12: D | M12: 22280 | N12: =N11+M11 -> 89160
C13: gyiv`-- | D13: C | F13: 80000 | G13: =G12+F12 -> 331150 | I13: 233 | J13: fvB fvB wdm-- | K13: D | M13: 13150 | N13: =N12+M12 -> 111440
C14: ev`kv-- | D14: C | F14: 1930 | G14: =G13+F13 -> 411150 | I14: 234 | J14: Av‡bvqvi-- | K14: D | M14: 4830 | N14: =N13+M13 -> 124590
C15: Av‡bvqvi-- | D15: C | F15: 20610 | G15: =G14+F14 -> 413080 | I15: 235 | J15: Rvnvw½i-- | K15: D | M15: 700 | N15: =N14+M14 -> 129420
C16: gwZb-- | D16: C | F16: 55330 | G16: =G15+F15 -> 433690 | I16: 236 | J16: ‡ejv‡qZ-- | K16: D | M16: 3320 | N16: =N15+M15 -> 130120
C17: Kwig-- | D17: C | F17: 3150 | G17: =G16+F16 -> 489020 | I17: 237 | J17: gwZb-- | K17: D | M17: 55250 | N17: =N16+M16 -> 133440
C18: AvwRRyj-- | D18: C | F18: 30000 | G18: =G17+F17 -> 492170 | I18: 238 | J18: ‡ngv‡qZ-- | K18: D | M18: 2970 | N18: =N17+M17 -> 188690
... C33: BwjqvQ-- | D33: C | F33: 5930 | G33: =G32+F32 -> 609240 | I33: 253 | J33: bM`-- | K33: D | M33: 38480 | N33: =N32+M32 -> 263880
C34: bM` weµq-- | D34: C | F34: 38480 | G34: =G33+F33 -> 615170 | J34: nvweeyjøvn-- | K34: D | M34: 50000 | N34: =N33+M33 -> 302360
G35: =G34+F34 -> 653650 | N35: =N34+M34 -> 352360
G36: =G35+F35 -> 653650 | N36: =N35+M35 -> 352360
C37: AvR‡Ki evKx = 2,61,780/= | G37: =G36+F36 -> 653650 | J37: c~‡e©i LiP-20870 | N37: =N36+M36 -> 352360
C38: AvR‡Ki Av`vq = 3,95,980/= | G38: =G37+F37 -> 653650 | J38: AvR‡Ki LiP-2100 | N38: =N37+M37 -> 352360
G39: =G38+F38 -> 653650 | J39: ‡gvU LiP= 22970 | N39: =N38+M38 -> 352360
A40: †gvU †µwWU t | D40: =G39+F39 -> 653650 | H40: ‡gvU †WweU t | K40: =N39+M39 -> 352360
A41: ‡gvU †WweU t | D41: =K40 -> 352360
A42: eZ©gvb K¨vk t | D42: =D40-D41 -> 301290

Sheet OCT (16)
A1: ‡gmvm© Imgvb wdm& | H1: ‡gmvm© Imgvb wdm&
A2: mvBb‡evW© evRvi grm Avor | H2: mvBb‡evW© evRvi grm Avor
A3: evi t | C3: eyaevi | D3: ‡µwWU | F3: ZvwiL t- | G3: 46311 | H3: evi t | J3: eyaevi | K3: ‡WwWU | M3: ZvwiL t- | N3: 46311
A4: c~‡e©i K¨vk-Bb-n¨vÛ t | F4: ='OCT (15)'!D42 -> 301290 | G4: **** | J4: Awdm LiP-- | K4: D | M4: 1110 | N4: ****
C5: Kwgkb-- | D5: C | F5: 9360 | G5: =F4 -> 301290 | J5: eKwkm-- | K5: D | L5: 120 | M5: 720 | N5: =M4 -> 1110
C6: gmwR`- | D6: C | F6: 110 | G6: =G5+F5 -> 310650 | J6: ÷vd‡`i bv¯Ív-- | K6: D | M6: 350 | N6: =N5+M5 -> 1830
C7: mwgwZ- | D7: C | F7: 110 | G7: =G6+F6 -> 310760 | J7: m`v †eZb- | K7: D | M7: 1000 | N7: =N6+M6 -> 2180
C8: iv¾vK-- | D8: C | F8: 30740 | G8: =G7+F7 -> 310870 | I8: 254 | J8: iv¾vK-- | K8: D | L8: 269 | M8: 7350 | N8: =N7+M7 -> 3180
C9: ‡gv¯Í-- | D9: C | F9: 50000 | G9: =G8+F8 -> 341610 | I9: 255 | J9: ‡gv¯Í-- | K9: D | L9: 249 | M9: 26700 | N9: =N8+M8 -> 10530
C10: eKzj-- | D10: C | F10: 70050 | G10: =G9+F9 -> 391610 | I10: 256 | J10: wRKz-- | K10: D | L10: 258 | M10: 21540 | N10: =N9+M9 -> 37230
C11: wRKz-- | D11: C | F11: 101240 | G11: =G10+F10 -> 461660 | I11: 257 | J11: ‡gvZv‡je-- | K11: D | L11: 259 | M11: 35060 | N11: =N10+M10 -> 58770
C12: ‡gvZv‡je-- | D12: C | F12: 99650 | G12: =G11+F11 -> 562900 | I12: 258 | J12: jyrdvi-- | K12: D | L12: 262 | M12: 3980 | N12: =N11+M11 -> 93830
C13: gyiv`-- | D13: C | F13: 35000 | G13: =G12+F12 -> 662550 | I13: 259 | J13: gyiv`-- | K13: D | L13: 261 | M13: 8640 | N13: =N12+M12 -> 97810
C14: AvwRRyj-- | D14: C | F14: 75000 | G14: =G13+F13 -> 697550 | I14: 260 | J14: evnv`yi-- | K14: D | L14: 266 | M14: 6320 | N14: =N13+M13 -> 106450
C15: Øxb eÜz-- | D15: C | F15: 39500 | G15: =G14+F14 -> 772550 | I15: 261 | J15: Av‡bvqvi-- | K15: D | L15: 252 | M15: 11530 | N15: =N14+M14 -> 112770
C16: nvB-- | D16: C | F16: 2010 | G16: =G15+F15 -> 812050 | I16: 262 | J16: Rvnvw½i-- | K16: D | L16: 273 | M16: 5000 | N16: =N15+M15 -> 124300
C17: Rqbvj-- | D17: C | F17: 10920 | G17: =G16+F16 -> 814060 | I17: 263 | J17: Rqbvj-- | K17: D | L17: 275 | M17: 1880 | N17: =N16+M16 -> 129300
C18: kwn`yj-- | D18: C | F18: 6330 | G18: =G17+F17 -> 824980 | I18: 264 | J18: ‡ejv‡qZ-- | K18: D | L18: 268 | M18: 2700 | N18: =N17+M17 -> 131180
C19: my‡`e-- | D19: C | F19: 550 | G19: =G18+F18 -> 831310 | I19: 265 | J19: gwZb-- | K19: D | L19: 263 | M19: 11090 | N19: =N18+M18 -> 133880
... C36: bM`-- | D36: C | F36: 28530 | G36: =G35+F35 -> 889840 | I36: 282 | J36: iv¾vK evRvi-- | K36: D | L36: 254 | M36: 2320 | N36: =N35+M35 -> 205900
D37: C | G37: =G36+F36 -> 918370 | I37: 283 | J37: Lvb KvKv-- | K37: D | L37: 279 | M37: 720 | N37: =N36+M36 -> 208220
D38: C | G38: =G37+F37 -> 918370 | I38: 284 | J38: bM`-- | K38: D | L38: 203 | M38: 28530 | N38: =N37+M37 -> 208940
C39: AvR‡Ki evKx = 2,05,760/= | D39: C | G39: =G38+F38 -> 918370 | K39: D | N39: =N38+M38 -> 237470
C40: AvR‡Ki Av`vq = 5,78,970/= | G40: =G39+F39 -> 918370 | J40: c~‡e©i LiP-22970 | N40: =N39+M39 -> 237470
G41: =G40+F40 -> 918370 | J41: AvR‡Ki LiP-3180 | N41: =N40+M40 -> 237470
D42: C | G42: =G41+F41 -> 918370 | J42: ‡gvU LiP= 26150 | N42: =N41+M41 -> 237470
A43: †gvU †µwWU t | D43: =G42+F42 -> 918370 | H43: ‡gvU †WweU t | K43: =N42+M42 -> 237470
A44: ‡gvU †WweU t | D44: =K43 -> 237470
A45: eZ©gvb K¨vk t | D45: =D43-D44 -> 680900

Sheet OCT (17)
A1: ‡gmvm© Imgvb wdm& | H1: ‡gmvm© Imgvb wdm&
A2: mvBb‡evW© evRvi grm Avor | H2: mvBb‡evW© evRvi grm Avor
A3: evi t | C3: e„n¯úwZevi | D3: ‡µwWU | F3: ZvwiL t- | G3: 45582 | H3: evi t | J3: e„n¯úwZevi | K3: ‡WwWU | M3: ZvwiL t- | N3: 45582
A4: c~‡e©i K¨vk-Bb-n¨vÛ t | F4: ='OCT (16)'!D45 -> 680900 | G4: **** | J4: Awdm LiP-- | K4: D | M4: 330 | N4: ****
C5: Kwgkb-- | D5: C | F5: 12390 | G5: =F4 -> 680900 | J5: eKwkm-- | K5: D | M5: 1250 | N5: =M4 -> 330
C6: gmwR`- | D6: C | F6: 130 | G6: =G5+F5 -> 693290 | J6: ÷vd‡`i bv¯Ív-- | K6: D | M6: 300 | N6: =N5+M5 -> 1580
C7: mwgwZ- | D7: C | F7: 130 | G7: =G6+F6 -> 693420 | J7: ms¯’vcb e¨q-- | K7: D | M7: 2000 | N7: =N6+M6 -> 1880
C8: iv¾vK-- | D8: C | F8: 6680 | G8: =G7+F7 -> 693550 | I8: 285 | J8: iv¾vK-- | K8: D | L8: 298 | M8: 2650 | N8: =N7+M7 -> 3880
C9: ‡gv¯Í-- | D9: C | F9: 10420 | G9: =G8+F8 -> 700230 | I9: 286 | J9: ‡gv¯Í-- | K9: D | L9: 283 | M9: 29990 | N9: =N8+M8 -> 6530
C10: eKzj-- | D10: C | F10: 14050 | G10: =G9+F9 -> 710650 | I10: 287 | J10: eKzj-- | K10: D | L10: 284 | M10: 29610 | N10: =N9+M9 -> 36520
C11: wRKz-- | D11: C | F11: 50000 | G11: =G10+F10 -> 724700 | I11: 288 | J11: wRKz-- | K11: D | L11: 310 | M11: 15210 | N11: =N10+M10 -> 66130
C12: jyrdvi-- | D12: C | F12: 24000 | G12: =G11+F11 -> 774700 | I12: 289 | J12: ‡gvZv‡je-- | K12: D | L12: 293 | M12: 30540 | N12: =N11+M11 -> 81340
C13: ‡gvZv‡je-- | D13: C | F13: 50000 | G13: =G12+F12 -> 798700 | I13: 290 | J13: jyrdvi-- | K13: D | L13: 295 | M13: 26270 | N13: =N12+M12 -> 111880
C14: AvwRRyj-- | D14: C | F14: 25000 | G14: =G13+F13 -> 848700 | I14: 291 | J14: ‡mvnvM-- | K14: D | L14: 281 | M14: 5500 | N14: =N13+M13 -> 138150
C15: my‡`e-- | D15: C | F15: 8270 | G15: =G14+F14 -> 873700 | I15: 292 | J15: gyiv`-- | K15: D | L15: 305 | M15: 22870 | N15: =N14+M14 -> 143650
C16: fvB fvB wdm-- | D16: C | F16: 14280 | G16: =G15+F15 -> 881970 | I16: 293 | J16: AvwRRyj-- | K16: D | L16: 282 | M16: 40090 | N16: =N15+M15 -> 166520
C17: gwZb-- | D17: C | F17: 55250 | G17: =G16+F16 -> 896250 | I17: 294 | J17: Rvnvw½i-- | K17: D | L17: 301 | M17: 2700 | N17: =N16+M16 -> 206610
C18: gnvwmb-- | D18: C | F18: 1340 | G18: =G17+F17 -> 951500 | I18: 295 | J18: gwZb-- | K18: D | L18: 296 | M18: 18900 | N18: =N17+M17 -> 209310
C19: iwk`-- | D19: C | F19: 430 | G19: =G18+F18 -> 952840 | I19: 296 | J19: Gbmvb-- | K19: D | L19: 297 | M19: 1470 | N19: =N18+M18 -> 228210
... C34: bM`-- | D34: C | F34: 29440 | G34: =G33+F33 -> 1008170 | I34: 311 | J34: bM`-- | K34: D | L34: 251 | M34: 29440 | N34: =N33+M33 -> 284820
G35: =G34+F34 -> 1037610 | J35: g~jab †diZ-- | K35: D | M35: 400000 | N35: =N34+M34 -> 314260
G36: =G35+F35 -> 1037610 | J36: wbjy avi-- | K36: D | M36: 4690 | N36: =N35+M35 -> 714260
C37: AvR‡Ki evKx = 2,80,940/= | G37: =G36+F36 -> 1037610 | K37: D | N37: =N36+M36 -> 718950
C38: AvR‡Ki Av`vq = 3,14,620/= | G38: =G37+F37 -> 1037610 | K38: D | N38: =N37+M37 -> 718950
G39: =G38+F38 -> 1037610 | J39: c~‡e©i LiP-26150/= | K39: D | N39: =N38+M38 -> 718950
G40: =G39+F39 -> 1037610 | J40: AvR‡Ki LiP-3880/= | K40: D | N40: =N39+M39 -> 718950
G41: =G40+F40 -> 1037610 | J41: ‡gvU LiP= 30030/= | K41: D | N41: =N40+M40 -> 718950
A42: †gvU †µwWU t | D42: =G41+F41 -> 1037610 | H42: ‡gvU †WweU t | K42: =N41+M41 -> 718950
A43: ‡gvU †WweU t | D43: =K42 -> 718950
A44: eZ©gvb K¨vk t | D44: =D42-D43 -> 318660

Sheet OCT (18)
A1: ‡gmvm© Imgvb wdm& | H1: ‡gmvm© Imgvb wdm&
A2: mvBb‡evW© evRvi grm Avor | H2: mvBb‡evW© evRvi grm Avor
A3: evi t | C3: ïµevi | D3: ‡µwWU | F3: ZvwiL t- | G3: 45583 | H3: evi t | J3: ïµevi | K3: ‡WwWU | M3: ZvwiL t- | N3: 45583
A4: c~‡e©i K¨vk-Bb-n¨vÛ t | F4: ='OCT (17)'!D44 -> 318660 | G4: **** | J4: Awdm LiP-- | K4: D | M4: 980 | N4: ****
C5: Kwgkb-- | D5: C | F5: 11610 | G5: =F4 -> 318660 | J5: eKwkm-- | K5: D | M5: 1210 | N5: =M4 -> 980
C6: gmwR`-- | D6: C | F6: 130 | G6: =G5+F5 -> 330270 | J6: ÷vd‡`i bv¯Ív-- | K6: D | M6: 300 | N6: =N5+M5 -> 2190
C7: mwgwZ-- | D7: C | F7: 130 | G7: =G6+F6 -> 330400 | I7: 352 | J7: ‡gv¯Í-- | K7: D | L7: 315 | M7: 32420 | N7: =N6+M6 -> 2490
C8: wbjy Rgv-- | D8: C | F8: 4000 | G8: =G7+F7 -> 330530 | I8: 353 | J8: eKzj-- | K8: D | L8: 324 | M8: 5220 | N8: =N7+M7 -> 34910
C9: ‡gv¯Í-- | D9: C | F9: 26700 | G9: =G8+F8 -> 334530 | I9: 354 | J9: wRKz-- | K9: D | L9: 321 | M9: 740 | N9: =N8+M8 -> 40130
C10: jyrdvi-- | D10: C | F10: 10000 | G10: =G9+F9 -> 361230 | I10: 355 | J10: ‡gvZv‡je-- | K10: D | L10: 316 | M10: 15470 | N10: =N9+M9 -> 40870
C11: wRKz-- | D11: C | F11: 50950 | G11: =G10+F10 -> 371230 | I11: 356 | J11: ‡mvnvM-- | K11: D | L11: 320 | M11: 1940 | N11: =N10+M10 -> 56340
C12: ‡mvnvM-- | D12: C | F12: 5500 | G12: =G11+F11 -> 422180 | I12: 357 | J12: jyrdvi-- | K12: D | L12: 322 | M12: 6450 | N12: =N11+M11 -> 58280
C13: ‡gvZv‡je-- | D13: C | F13: 20000 | G13: =G12+F12 -> 427680 | I13: 358 | J13: gyiv`-- | K13: D | L13: 326 | M13: 6150 | N13: =N12+M12 -> 64730
C14: gyiv`-- | D14: C | F14: 10000 | G14: =G13+F13 -> 447680 | I14: 359 | J14: AvwRRyj-- | K14: D | L14: 319 | M14: 74450 | N14: =N13+M13 -> 70880
C15: wØb eÜz-- | D15: C | F15: 5000 | G15: =G14+F14 -> 457680 | I15: 360 | J15: kvwKj-- | K15: D | L15: 342 | M15: 4050 | N15: =N14+M14 -> 145330
C16: my‡`e-- | D16: C | F16: 4110 | G16: =G15+F15 -> 462680 | I16: 361 | J16: Ggvg-- | K16: D | L16: 328 | M16: 17670 | N16: =N15+M15 -> 149380
C17: Kwig-- | D17: C | F17: 7900 | G17: =G16+F16 -> 466790 | I17: 362 | J17: AvwRRyj evRvi-- | K17: D | L17: 327 | M17: 1890 | N17: =N16+M16 -> 167050
C18: wgRvb-- | D18: C | F18: 4230 | G18: =G17+F17 -> 474690 | I18: 363 | J18: ‡ejv‡qZ-- | K18: D | L18: 328 | M18: 4460 | N18: =N17+M17 -> 168940
... C34: bM` weµq-- | D34: C | F34: 25560 | G34: =G33+F33 -> 544930 | I34: 379 | J34: KzÏym-- | K34: D | L34: 309 | M34: 2750 | N34: =N33+M33 -> 229330
G35: =G34+F34 -> 570490 | I35: 380 | J35: Gbmvb-- | K35: D | L35: 325 | M35: 1320 | N35: =N34+M34 -> 232080
G36: =G35+F35 -> 570490 | I36: 381 | J36: wgRvb-- | K36: D | L36: 331 | M36: 1650 | N36: =N35+M35 -> 233400
C37: AvR‡Ki evKx = 2,65,220/= | G37: =G36+F36 -> 570490 | I37: 382 | J37: Avmjvg-- | K37: D | L37: 329 | M37: 15550 | N37: =N36+M36 -> 235050
C38: AvR‡Ki Av`vq = 2,10,400/= | G38: =G37+F37 -> 570490 | I38: 383 | J38: kvwnb-- | K38: D | L38: 341 | M38: 16870 | N38: =N37+M37 -> 250600
G39: =G38+F38 -> 570490 | I39: 384 | J39: wMqvm-- | K39: D | L39: 310 | M39: 240 | N39: =N38+M38 -> 267470
G40: =G39+F39 -> 570490 | I40: 385 | J40: bM` weµq-- | K40: D | M40: 25560 | N40: =N39+M39 -> 267710
G41: =G40+F40 -> 570490 | N41: =N40+M40 -> 293270
J42: c~‡e©i LiP-30030/= | N42: =N41+M41 -> 293270
J43: AvR‡Ki LiP-2490/= | N43: =N42+M42 -> 293270
J44: ‡gvU LiP= 32520/= | N44: =N43+M43 -> 293270
A45: †gvU †µwWU t | D45: =G41+F41 -> 570490 | H45: ‡gvU †WweU t | K45: =N41+M41 -> 293270
A46: ‡gvU †WweU t | D46: =K45 -> 293270
A47: eZ©gvb K¨vk t | D47: =D45-D46 -> 277220

Sheet OCT (19)
A1: ‡gmvm© Imgvb wdm& | H1: ‡gmvm© Imgvb wdm&
A2: mvBb‡evW© evRvi grm Avor | H2: mvBb‡evW© evRvi grm Avor
A3: evi t | C3: kwbevi | D3: ‡µwWU | F3: ZvwiL t- | G3: 45584 | H3: evi t | J3: kwbevi | K3: ‡WwWU | M3: ZvwiL t- | N3: 45584
A4: c~‡e©i K¨vk-Bb-n¨vÛ t | F4: ='OCT (18)'!D47 -> 277220 | G4: **** | J4: Awdm LiP-- | K4: D | M4: 1010 | N4: ****
C5: Kwgkb-- | D5: C | F5: 12240 | G5: =F4 -> 277220 | J5: eKwkm-- | K5: D | M5: 1270 | N5: =M4 -> 1010
C6: gmwR`-- | D6: C | F6: 90 | G6: =G5+F5 -> 289460 | J6: ÷vd‡`i bv¯Ív-- | K6: D | M6: 350 | N6: =N5+M5 -> 2280
C7: mwgwZ-- | D7: C | F7: 90 | G7: =G6+F6 -> 289550 | I7: 386 | J7: iv¾vK-- | K7: D | L7: 356 | M7: 740 | N7: =N6+M6 -> 2630
C8: ‡mvnvM -- | D8: C | F8: 2000 | G8: =G7+F7 -> 289640 | I8: 387 | J8: ‡gv¯Í-- | K8: D | L8: 351 | M8: 20260 | N8: =N7+M7 -> 3370
C9: AvwRRyj-- | D9: C | F9: 20000 | G9: =G8+F8 -> 291640 | I9: 388 | J9: eKzj-- | K9: D | L9: 358 | M9: 4680 | N9: =N8+M8 -> 23630
C10: m`v-- | D10: C | F10: 210 | G10: =G9+F9 -> 311640 | I10: 389 | J10: wRKz-- | K10: D | L10: 349 | M10: 6020 | N10: =N9+M9 -> 28310
C11: gwZb-- | D11: C | F11: 20000 | G11: =G10+F10 -> 311850 | I11: 390 | J11: ‡gvZv‡je-- | K11: D | L11: 350 | M11: 28870 | N11: =N10+M10 -> 34330
C12: Lvb KvKv-- | D12: C | F12: 720 | G12: =G11+F11 -> 331850 | I12: 391 | J12: jyrdvi-- | K12: D | L12: 354 | M12: 9450 | N12: =N11+M11 -> 63200
C13: dviæL-- | D13: C | F13: 2970 | G13: =G12+F12 -> 332570 | I13: 392 | J13: gyiv`-- | K13: D | L13: 352 | M13: 28590 | N13: =N12+M12 -> 72650
C14: gvnveye-- | D14: C | F14: 5280 | G14: =G13+F13 -> 335540 | I14: 393 | J14: AvwRRyj-- | K14: D | L14: 366 | M14: 21700 | N14: =N13+M13 -> 101240
C15: kwn`yj-- | D15: C | F15: 3250 | G15: =G14+F14 -> 340820 | I15: 394 | J15: kvwKj-- | K15: D | L15: 357 | M15: 2160 | N15: =N14+M14 -> 122940
C16: Rvnvw½i-- | D16: C | F16: 7810 | G16: =G15+F15 -> 344070 | I16: 395 | J16: Ggvg-- | K16: D | L16: 344 | M16: 13770 | N16: =N15+M15 -> 125100
C17: ‡eiv‡qZ-- | D17: C | F17: 4460 | G17: =G16+F16 -> 351880 | I17: 396 | J17: ‡ejv‡qZ-- | K17: D | L17: 348 | M17: 7980 | N17: =N16+M16 -> 138870
C18: KzÏym-- | D18: C | F18: 2750 | G18: =G17+F17 -> 356340 | I18: 397 | J18: gwZb-- | K18: D | L18: 365 | M18: 35700 | N18: =N17+M17 -> 146850
... C29: iwdKzj-- | D29: C | F29: 5120 | G29: =G28+F28 -> 397330 | I29: 408 | J29: bM` weµq-- | K29: D | L29: 304 | M29: 34990 | N29: =N28+M28 -> 274140
C30: Ggvg-- | D30: C | F30: 17670 | G30: =G29+F29 -> 402450 | J30: jvwK fvB-- | K30: D | M30: 1300 | N30: =N29+M29 -> 309130
C31: Avmjvg-- | D31: C | F31: 15550 | G31: =G30+F30 -> 420120 | J31: m`v †eZb-- | K31: D | M31: 210 | N31: =N30+M30 -> 310430
C32: wMqvm-- | D32: C | F32: 240 | G32: =G31+F31 -> 435670 | J32: c~‡e©i LiP-32520/= | K32: D | N32: =N31+M31 -> 310640
C33: bM` weµq-- | D33: C | F33: 34990 | G33: =G32+F32 -> 435910 | J33: AvR‡Ki LiP-2840/= | K33: D | N33: =N32+M32 -> 310640
D34: C | G34: =G33+F33 -> 470900 | J34: ‡gvU LiP= 35360/= | K34: D | N34: =N33+M33 -> 310640
C35: AvR‡Ki evKx = 2,71,510/= | G35: =G34+F34 -> 470900 | N35: =N34+M34 -> 310640
C36: AvR‡Ki Av`vq = 1,46,270/= | G36: =G35+F35 -> 470900 | N36: =N35+M35 -> 310640
A37: †gvU †µwWU t | D37: =G34+F34 -> 470900 | H37: ‡gvU †WweU t | K37: =N34+M34 -> 310640
A38: ‡gvU †WweU t | D38: =K37 -> 310640
A39: eZ©gvb K¨vk t | D39: =D37-D38 -> 160260

Sheet OCT (20)
A1: ‡gmvm© Imgvb wdm& | H1: ‡gmvm© Imgvb wdm&
A2: mvBb‡evW© evRvi grm Avor | H2: mvBb‡evW© evRvi grm Avor
A3: evi t | C3: iweevi | D3: ‡µwWU | F3: ZvwiL t- | G3: 45585 | H3: evi t | J3: iweevi | K3: ‡WwWU | M3: ZvwiL t- | N3: 45585
A4: c~‡e©i K¨vk-Bb-n¨vÛ t | F4: ='OCT (19)'!D39 -> 160260 | G4: **** | J4: Awdm LiP-- | K4: D | M4: 6570 | N4: ****
C5: Kwgkb-- | D5: C | F5: 11080 | G5: =F4 -> 160260 | J5: eKwkm-- | K5: D | M5: 1080 | N5: =M4 -> 6570
C6: gmwR`-- | D6: C | F6: 120 | G6: =G5+F5 -> 171340 | J6: ÷vd‡`i bv¯Ív-- | K6: D | M6: 750 | N6: =N5+M5 -> 7650
C7: mwgwZ-- | D7: C | F7: 120 | G7: =G6+F6 -> 171460 | J7: gvmyg †eZb-- | K7: D | M7: 750 | N7: =N6+M6 -> 8400
C8: ‡LvKb ZvjyK`vi-- | D8: C | F8: 1280 | G8: =G7+F7 -> 171580 | J8: wbjy fvB avi-- | K8: D | M8: 1500 | N8: =N7+M7 -> 9150
C9: 4-10-24 K¨vk e„w×-- | D9: C | F9: 2290 | G9: =G8+F8 -> 172860 | I9: 409 | J9: iv¾vK-- | K9: D | L9: 373 | M9: 46980 | N9: =N8+M8 -> 10650
C10: 18-10-24 K¨vk e„w×-- | D10: C | F10: 1470 | G10: =G9+F9 -> 175150 | I10: 410 | J10: ‡gv¯Í-- | K10: D | L10: 380 | M10: 7600 | N10: =N9+M9 -> 57630
C11: 19-10-24 K¨vk e„w×-- | D11: C | F11: 3790 | G11: =G10+F10 -> 176620 | I11: 411 | J11: eKzj-- | K11: D | L11: 381 | M11: 10940 | N11: =N10+M10 -> 65230
C12: jvwK fvB‡qi UvKv Rgv-- | D12: C | F12: 1300 | G12: =G11+F11 -> 180410 | I12: 412 | J12: ‡gvZv‡je-- | K12: D | L12: 372 | M12: 8640 | N12: =N11+M11 -> 76170
C13: jyrdvi Rgv-- | D13: C | F13: 30000 | G13: =G12+F12 -> 181710 | I13: 413 | J13: jyrdvi-- | K13: D | L13: 377 | M13: 25160 | N13: =N12+M12 -> 84810
C14: ‡gvZv‡je Rgv-- | D14: C | F14: 50000 | G14: =G13+F13 -> 211710 | I14: 414 | J14: RvwKi ‡ZjxMvZx-- | K14: D | L14: 378 | M14: 3960 | N14: =N13+M13 -> 109970
C15: AvwRRyj Rgv-- | D15: C | F15: 30000 | G15: =G14+F14 -> 261710 | I15: 415 | J15: AvwRRyj-- | K15: D | L15: 389 | M15: 49260 | N15: =N14+M14 -> 113930
C16: kvwKj Rgv-- | D16: C | F16: 6210 | G16: =G15+F15 -> 291710 | I16: 416 | J16: Av‡bvqvi-- | K16: D | L16: 388 | M16: 8730 | N16: =N15+M15 -> 163190
C17: wicb Rgv-- | D17: C | F17: 6490 | G17: =G16+F16 -> 297920 | I17: 417 | J17: Ggvg-- | K17: D | L17: 384 | M17: 2980 | N17: =N16+M16 -> 171920
C18: wgRvb Rgv-- | D18: C | F18: 4140 | G18: =G17+F17 -> 304410 | I18: 418 | J18: ‡ejv‡qZ-- | K18: D | L18: 386 | M18: 6670 | N18: =N17+M17 -> 174900
C19: BwjqvQ Avor Rgv-- | D19: C | F19: 220 | G19: =G18+F18 -> 308550 | I19: 419 | J19: ûgvqyb-- | K19: D | L19: 379 | M19: 4710 | N19: =N18+M18 -> 181570
C20: Avjg Rgv-- | D20: C | F20: 1140 | G20: =G19+F19 -> 308770 | I20: 420 | J20: RvwKi m`©vi-- | K20: D | L20: 376 | M20: 14970 | N20: =N19+M19 -> 186280
... C25: bM` weµq-- | D25: C | F25: 35420 | G25: =G24+F24 -> 337440 | I25: 425 | J25: kvnvRvb-- | K25: D | L25: 382 | M25: 8060 | N25: =N24+M24 -> 237550
D26: C | G26: =G25+F25 -> 372860 | I26: 426 | J26: kvwnb-- | K26: D | L26: 374 | M26: 7250 | N26: =N25+M25 -> 245610
D27: C | G27: =G26+F26 -> 372860 | I27: 427 | J27: bM` weµq-- | K27: D | L27: 366 | M27: 35420 | N27: =N26+M26 -> 252860
D28: C | G28: =G27+F27 -> 372860 | K28: D | N28: =N27+M27 -> 288280
D29: C | G29: =G28+F28 -> 372860 | K29: D | N29: =N28+M28 -> 288280
C30: AvR‡Ki evKx = 2,71,510/= | D30: C | G30: =G29+F29 -> 372860 | J30: c~‡e©i LiP-35360/= | K30: D | N30: =N29+M29 -> 288280
C31: AvR‡Ki Av`vq = 1,55,730/= | D31: C | G31: =G30+F30 -> 372860 | J31: AvR‡Ki LiP-9150/= | K31: D | N31: =N30+M30 -> 288280
D32: C | G32: =G31+F31 -> 372860 | J32: ‡gvU LiP= 44510/= | K32: D | N32: =N31+M31 -> 288280
D33: C | G33: =G32+F32 -> 372860 | K33: D | N33: =N32+M32 -> 288280
D34: C | G34: =G33+F33 -> 372860 | K34: D | N34: =N33+M33 -> 288280
A35: †gvU †µwWU t | D35: =G34+F34 -> 372860 | H35: ‡gvU †WweU t | K35: =N34+M34 -> 288280
A36: ‡gvU †WweU t | D36: =K35 -> 288280
A37: eZ©gvb K¨vk t | D37: =D35-D36 -> 84580

Sheet OCT (21)
A1: ‡gmvm© Imgvb wdm& | H1: ‡gmvm© Imgvb wdm&
A2: mvBb‡evW© evRvi grm Avor | H2: mvBb‡evW© evRvi grm Avor
A3: evi t | C3: ‡mvgevi | D3: ‡µwWU | F3: ZvwiL t- | G3: 45586 | H3: evi t | J3: ‡mvgevi | K3: ‡WwWU | M3: ZvwiL t- | N3: 45586
A4: c~‡e©i K¨vk-Bb-n¨vÛ t | F4: ='OCT (20)'!D37 -> 84580 | G4: **** | J4: Awdm LiP-- | K4: D | M4: 760 | N4: ****
C5: Kwgkb-- | D5: C | F5: 8560 | G5: =F4 -> 84580 | J5: eKwkm-- | K5: D | M5: 760 | N5: =M4 -> 760
C6: gmwR`-- | D6: C | F6: 120 | G6: =G5+F5 -> 93140 | J6: ÷vd‡`i bv¯Ív-- | K6: D | M6: 730 | N6: =N5+M5 -> 1520
C7: mwgwZ-- | D7: C | F7: 120 | G7: =G6+F6 -> 93260 | I7: 428 | J7: iv¾vK-- | K7: D | L7: 396 | M7: 9240 | N7: =N6+M6 -> 2250
C8: iv¾vK-- | D8: C | F8: 10740 | G8: =G7+F7 -> 93380 | I8: 429 | J8: ‡gv¯Í-- | K8: D | L8: 509 | M8: 19020 | N8: =N7+M7 -> 11490
C9: ‡gv¯Í-- | D9: C | F9: 80000 | G9: =G8+F8 -> 104120 | I9: 430 | J9: wRKz-- | K9: D | L9: 395 | M9: 32650 | N9: =N8+M8 -> 30510
C10: eKzj-- | D10: C | F10: 39510 | G10: =G9+F9 -> 184120 | I10: 431 | J10: ‡gvZv‡je-- | K10: D | L10: 507 | M10: 10000 | N10: =N9+M9 -> 63160
C11: ‡gvZv‡je-- | D11: C | F11: 15000 | G11: =G10+F10 -> 223630 | I11: 432 | J11: jyrdvi-- | K11: D | L11: 508 | M11: 18750 | N11: =N10+M10 -> 73160
C12: gyiv`-- | D12: C | F12: 50000 | G12: =G11+F11 -> 238630 | I12: 433 | J12: RvwKi †Zjxt-- | K12: D | L12: 501 | M12: 7330 | N12: =N11+M11 -> 91910
C13: AvwRRyj-- | D13: C | F13: 50000 | G13: =G12+F12 -> 288630 | I13: 434 | J13: gyiv`-- | K13: D | L13: 510 | M13: 2780 | N13: =N12+M12 -> 99240
C14: wØb eÜz-- | D14: C | F14: 5000 | G14: =G13+F13 -> 338630 | I14: 435 | J14: AvwRRyj-- | K14: D | L14: 392 | M14: 24120 | N14: =N13+M13 -> 102020
C15: gwZb-- | D15: C | F15: 43000 | G15: =G14+F14 -> 343630 | I15: 436 | J15: Ggvg-- | K15: D | L15: 502 | M15: 1890 | N15: =N14+M14 -> 126140
C16: evnv`yi-- | D16: C | F16: 5000 | G16: =G15+F15 -> 386630 | I16: 437 | J16: kwn`yj-- | K16: D | L16: 512 | M16: 7840 | N16: =N15+M15 -> 128030
C17: wgëb-- | D17: C | F17: 2770 | G17: =G16+F16 -> 391630 | I17: 438 | J17: ‡ejv‡qZ-- | K17: D | L17: 399 | M17: 2480 | N17: =N16+M16 -> 135870
C18: BKevj-- | D18: C | F18: 900 | G18: =G17+F17 -> 394400 | I18: 439 | J18: iwdKzj-- | K18: D | L18: 397 | M18: 3510 | N18: =N17+M17 -> 138350
... C27: kvRvnvb-- | D27: C | F27: 8060 | G27: =G26+F26 -> 456800 | I27: 448 | J27: bM` weµq-- | K27: D | L27: 388 | M27: 35340 | N27: =N26+M26 -> 181070
C28: ûgvqyb-- | D28: C | F28: 4710 | G28: =G27+F27 -> 464860 | K28: D | N28: =N27+M27 -> 216410
C29: RvwKi †Zt-- | D29: C | F29: 3960 | G29: =G28+F28 -> 469570 | K29: D | N29: =N28+M28 -> 216410
C30: kvwnb-- | D30: C | F30: 7000 | G30: =G29+F29 -> 473530 | K30: D | N30: =N29+M29 -> 216410
C31: bM` weµq-- | D31: C | F31: 35340 | G31: =G30+F30 -> 480530 | J31: c~‡e©i LiP-44510/= | K31: D | N31: =N30+M30 -> 216410
D32: C | G32: =G31+F31 -> 515870 | J32: AvR‡Ki LiP-2250/= | K32: D | N32: =N31+M31 -> 216410
C33: AvR‡Ki evKx = 1,78,820/= | D33: C | G33: =G32+F32 -> 515870 | J33: ‡gvU LiP= 46760/= | K33: D | N33: =N32+M32 -> 216410
C34: AvR‡Ki Av`vq = 3,87,150/= | D34: C | G34: =G33+F33 -> 515870 | K34: D | N34: =N33+M33 -> 216410
A35: †gvU †µwWU t | D35: =G34+F34 -> 515870 | H35: ‡gvU †WweU t | K35: =N34+M34 -> 216410
A36: ‡gvU †WweU t | D36: =K35 -> 216410
A37: eZ©gvb K¨vk t | D37: =D35-D36 -> 299460

Sheet OCT (22)
A1: ‡gmvm© Imgvb wdm& | H1: ‡gmvm© Imgvb wdm&
A2: mvBb‡evW© evRvi grm Avor | H2: mvBb‡evW© evRvi grm Avor
A3: evi t | C3: g½jevi | D3: ‡µwWU | F3: ZvwiL t- | G3: 45587 | H3: evi t | J3: g½jevi | K3: ‡WwWU | M3: ZvwiL t- | N3: 45587
A4: c~‡e©i K¨vk-Bb-n¨vÛ t | F4: ='OCT (21)'!D37 -> 299460 | G4: **** | J4: Awdm LiP-- | K4: D | M4: 1080 | N4: ****
C5: Kwgkb-- | D5: C | F5: 16640 | G5: =F4 -> 299460 | J5: eKwkm-- | K5: D | M5: 1050 | N5: =M4 -> 1080
C6: gmwR`-- | D6: C | F6: 130 | G6: =G5+F5 -> 316100 | J6: ÷vd‡`i bv¯Ív-- | K6: D | M6: 700 | N6: =N5+M5 -> 2130
C7: mwgwZ-- | D7: C | F7: 130 | G7: =G6+F6 -> 316230 | J7: gvmyg †eZb-- | K7: D | M7: 2000 | N7: =N6+M6 -> 2830
C8: iv¾vK-- | D8: C | F8: 26980 | G8: =G7+F7 -> 316360 | I8: 449 | J8: iv¾vK-- | K8: D | L8: 503 | M8: 13150 | N8: =N7+M7 -> 4830
C9: ‡gv¯Í-- | D9: C | F9: 8000 | G9: =G8+F8 -> 343340 | I9: 450 | J9: ‡gv¯Í-- | K9: D | L9: 518 | M9: 17450 | N9: =N8+M8 -> 17980
C10: eKzj-- | D10: C | F10: 10940 | G10: =G9+F9 -> 351340 | I10: 451 | J10: eKzj-- | K10: D | L10: 522 | M10: 5690 | N10: =N9+M9 -> 35430
C11: jyrdvi-- | D11: C | F11: 55500 | G11: =G10+F10 -> 362280 | I11: 452 | J11: ‡gvZv‡je-- | K11: D | L11: 514 | M11: 33780 | N11: =N10+M10 -> 41120
C12: mvMi-- | D12: C | F12: 2190 | G12: =G11+F11 -> 417780 | I12: 453 | J12: jyrdvi-- | K12: D | L12: 515 | M12: 36000 | N12: =N11+M11 -> 74900
C13: wØb eÜz-- | D13: C | F13: 20000 | G13: =G12+F12 -> 419970 | I13: 454 | J13: gyiv`-- | K13: D | L13: 541 | M13: 2420 | N13: =N12+M12 -> 110900
C14: gwZb-- | D14: C | F14: 2000 | G14: =G13+F13 -> 439970 | I14: 455 | J14: fvB fvB wdm-- | K14: D | L14: 519 | M14: 30890 | N14: =N13+M13 -> 113320
C15: Ggvg-- | D15: C | F15: 4870 | G15: =G14+F14 -> 441970 | I15: 456 | J15: AvwRRyj-- | K15: D | L15: 543 | M15: 71600 | N15: =N14+M14 -> 144210
C16: ‡ejv‡qZ-- | D16: C | F16: 2480 | G16: =G15+F15 -> 446840 | I16: 457 | J16: Ggvg-- | K16: D | L16: 521 | M16: 10560 | N16: =N15+M15 -> 215810
C17: RvwKi †Zt-- | D17: C | F17: 7330 | G17: =G16+F16 -> 449320 | I17: 458 | J17: Rvnvw½i-- | K17: D | L17: 542 | M17: 2860 | N17: =N16+M16 -> 226370
C18: GKivg-- | D18: C | F18: 3900 | G18: =G17+F17 -> 456650 | I18: 459 | J18: kwn`yj-- | K18: D | L18: 537 | M18: 2750 | N18: =N17+M17 -> 229230
C19: gvneye-- | D19: C | F19: 2700 | G19: =G18+F18 -> 460550 | I19: 460 | J19: ‡eiv‡qZ-- | K19: D | L19: 528 | M19: 8310 | N19: =N18+M18 -> 231980
... C25: bM` weµq-- | D25: C | F25: 68510 | G25: =G24+F24 -> 485080 | I25: 466 | J25: nvwKg-- | K25: D | L25: 525 | M25: 17370 | N25: =N24+M24 -> 298450
D26: C | G26: =G25+F25 -> 553590 | I26: 467 | J26: iwdKzj-- | K26: D | L26: 532 | M26: 680 | N26: =N25+M25 -> 315820
D27: C | G27: =G26+F26 -> 553590 | I27: 468 | J27: gvneye-- | K27: D | L27: 526 | M27: 4850 | N27: =N26+M26 -> 316500
D28: C | G28: =G27+F27 -> 553590 | I28: 469 | J28: kvnvRvb-- | K28: D | L28: 536 | M28: 3400 | N28: =N27+M27 -> 321350
D29: C | G29: =G28+F28 -> 553590 | I29: 470 | J29: wUUz-- | K29: D | L29: 520 | M29: 1050 | N29: =N28+M28 -> 324750
D30: C | G30: =G29+F29 -> 553590 | I30: 471 | J30: gwn`yj-- | K30: D | L30: 529 | M30: 1940 | N30: =N29+M29 -> 325800
C31: AvR‡Ki evKx = 3,39,460/= | D31: C | G31: =G30+F30 -> 553590 | I31: 472 | J31: ‰Zqe Avwj-- | K31: D | L31: 531 | M31: 2550 | N31: =N30+M30 -> 327740
C32: AvR‡Ki Av`vq = 1,60,310/= | D32: C | G32: =G31+F31 -> 553590 | I32: 473 | J32: Bg`v`-- | K32: D | L32: 533 | M32: 6100 | N32: =N31+M31 -> 330290
D33: C | G33: =G32+F32 -> 553590 | I33: 474 | J33: wgivR-- | K33: D | L33: 534 | M33: 4700 | N33: =N32+M32 -> 336390
D34: C | G34: =G33+F33 -> 553590 | I34: 475 | J34: mvMi-- | K34: D | L34: 530 | M34: 3200 | N34: =N33+M33 -> 341090
D35: C | G35: =G34+F34 -> 553590 | I35: 476 | J35: bM` weµq-- | K35: D | L35: 513+511 | M35: 76920 | N35: =N34+M34 -> 344290
D36: C | G36: =G35+F35 -> 553590 | N36: =N35+M35 -> 421210
D37: C | G37: =G36+F36 -> 553590 | J37: c~‡e©i LiP-46760/= | K37: D | N37: =N36+M36 -> 421210
D38: C | G38: =G37+F37 -> 553590 | J38: AvR‡Ki LiP-4830/= | K38: D | N38: =N37+M37 -> 421210
D39: C | G39: =G38+F38 -> 553590 | J39: ‡gvU LiP= 51590/= | K39: D | N39: =N38+M38 -> 421210
D40: C | G40: =G39+F39 -> 553590 | K40: D | N40: =N39+M39 -> 421210
D41: C | G41: =G40+F40 -> 553590 | K41: D | N41: =N40+M40 -> 421210
A42: †gvU †µwWU t | D42: =G41+F41 -> 553590 | H42: ‡gvU †WweU t | K42: =N41+M41 -> 421210
A43: ‡gvU †WweU t | D43: =K42 -> 421210
A44: eZ©gvb K¨vk t | D44: =D42-D43 -> 132380

Sheet OCT (23)
A1: ‡gmvm© Imgvb wdm& | H1: ‡gmvm© Imgvb wdm&
A2: mvBb‡evW© evRvi grm Avor | H2: mvBb‡evW© evRvi grm Avor
A3: evi t | C3: eyaevi | D3: ‡µwWU | F3: ZvwiL t- | G3: 45588 | H3: evi t | J3: eyaevi | K3: ‡WwWU | M3: ZvwiL t- | N3: 45588
A4: c~‡e©i K¨vk-Bb-n¨vÛ t | F4: ='OCT (22)'!D44 -> 132380 | G4: **** | J4: Awdm LiP-- | K4: D | M4: 3060 | N4: ****
C5: Kwgkb-- | D5: C | F5: 7300 | G5: =F4 -> 132380 | J5: eKwkm-- | K5: D | M5: 550 | N5: =M4 -> 3060
C6: gmwR`-- | D6: C | F6: 30 | G6: =G5+F5 -> 139680 | J6: ÷vd‡`i bv¯Ív-- | K6: D | M6: 600 | N6: =N5+M5 -> 3610
C7: mwgwZ-- | D7: C | F7: 30 | G7: =G6+F6 -> 139710 | J7: m`v †eZb-- | K7: D | M7: 1000 | N7: =N6+M6 -> 4210
C8: ‡gvZv‡je-- | D8: C | F8: 20000 | G8: =G7+F7 -> 139740 | J8: gvgyb †eZb-- | K8: D | M8: 2000 | N8: =N7+M7 -> 5210
C9: AvwRRyj-- | D9: C | F9: 80000 | G9: =G8+F8 -> 159740 | J9: Bwjqv‡Qi UvKv mgš^q-- | K9: D | M9: 3890 | N9: =N8+M8 -> 7210
C10: Gbmvb-- | D10: C | F10: 2790 | G10: =G9+F9 -> 239740 | I10: 477 | J10: ‡gv¯Í -- | K10: D | L10: 459 | M10: 10350 | N10: =N9+M9 -> 11100
C11: BwjqvQ UvK-- | D11: C | F11: 3900 | G11: =G10+F10 -> 242530 | I11: 478 | J11: gyiv`-- | K11: D | L11: 461 | M11: 10530 | N11: =N10+M10 -> 21450
C12: kvwnb-- | D12: C | F12: 15000 | G12: =G11+F11 -> 246430 | I12: 479 | J12: wRKz-- | K12: D | L12: 464 | M12: 10440 | N12: =N11+M11 -> 31980
C13: Av‡bvqvi-- | D13: C | F13: 8730 | G13: =G12+F12 -> 261430 | I13: 480 | J13: ‡gvZv‡je-- | K13: D | L13: 463 | M13: 5640 | N13: =N12+M12 -> 42420
C14: wiqvR-- | D14: C | F14: 3000 | G14: =G13+F13 -> 270160 | I14: 481 | J14: jyrdvi-- | K14: D | L14: 460 | M14: 8150 | N14: =N13+M13 -> 48060
C15: Avmv`-- | D15: C | F15: 2920 | G15: =G14+F14 -> 273160 | I15: 482 | J15: Av‡bvqvi-- | K15: D | L15: 545 | M15: 11980 | N15: =N14+M14 -> 56210
C16: wgivR-- | D16: C | F16: 4700 | G16: =G15+F15 -> 276080 | I16: 483 | J16: evnv`yi-- | K16: D | L16: 462 | M16: 12230 | N16: =N15+M15 -> 68190
C17: Gb`vZ-- | D17: C | F17: 6100 | G17: =G16+F16 -> 280780 | I17: 484 | J17: ‡ejv‡qZ-- | K17: D | L17: 546 | M17: 15630 | N17: =N16+M16 -> 80420
C18: iwdKzj-- | D18: C | F18: 680 | G18: =G17+F17 -> 286880 | I18: 485 | J18: Rvgvj-- | K18: D | L18: 546 | M18: 16430 | N18: =N17+M17 -> 96050
C19: ‡ejv‡qZ-- | D19: C | F19: 8310 | G19: =G18+F18 -> 287560 | I19: 486 | J19: BwjqvQ UvK-- | K19: D | L19: 452 | M19: 5940 | N19: =N18+M18 -> 112480
C20: gvnveye-- | D20: C | F20: 4850 | G20: =G19+F19 -> 295870 | I20: 487 | J20: Avmv` †Pvgiv-- | K20: D | L20: 457 | M20: 4040 | N20: =N19+M19 -> 118420
C21: nvwKg-- | D21: C | F21: 17370 | G21: =G20+F20 -> 300720 | I21: 488 | J21: wUUz evRvi-- | K21: D | L21: 458 | M21: 9400 | N21: =N20+M20 -> 122460
... C26: wbjy cwi‡kva-- | D26: C | F26: 4500 | G26: =G25+F25 -> 381100 | I26: 493 | J26: kvgxg-- | K26: D | L26: 454 | M26: 2990 | N26: =N25+M25 -> 148760
D27: C | G27: =G26+F26 -> 385600 | I27: 494 | J27: mv‡q` †gvjøv-- | K27: D | L27: 453 | M27: 2750 | N27: =N26+M26 -> 151750
D28: C | G28: =G27+F27 -> 385600 | I28: 495 | J28: jvj fvB-- | K28: D | L28: 547 | M28: 6010 | N28: =N27+M27 -> 154500
D29: C | G29: =G28+F28 -> 385600 | I29: 496 | J29: bM` weµq-- | K29: D | L29: 519 | M29: 33100 | N29: =N28+M28 -> 160510
C30: AvR‡Ki evKx = 1,49,410/= | D30: C | G30: =G29+F29 -> 385600 | J30: wbjy avi-- | K30: D | M30: 4000 | N30: =N29+M29 -> 193610
C31: AvR‡Ki Av`vq = 2,08,260/= | D31: C | G31: =G30+F30 -> 385600 | K31: D | N31: =N30+M30 -> 197610
D32: C | G32: =G31+F31 -> 385600 | J32: c~‡e©i LiP-51590/= | K32: D | N32: =N31+M31 -> 197610
D33: C | G33: =G32+F32 -> 385600 | J33: AvR‡Ki LiP-7210/= | K33: D | N33: =N32+M32 -> 197610
D34: C | G34: =G33+F33 -> 385600 | J34: ‡gvU LiP= 58800/= | K34: D | N34: =N33+M33 -> 197610
A35: †gvU †µwWU t | D35: =G34+F34 -> 385600 | H35: ‡gvU †WweU t | K35: =N34+M34 -> 197610
A36: ‡gvU †WweU t | D36: =K35 -> 197610
A37: eZ©gvb K¨vk t | D37: =D35-D36 -> 187990

Sheet OCT (24)
A1: ‡gmvm© Imgvb wdm& | H1: ‡gmvm© Imgvb wdm&
A2: mvBb‡evW© evRvi grm Avor | H2: mvBb‡evW© evRvi grm Avor
A3: evi t | C3: e„n¯úwZevi | D3: ‡µwWU | F3: ZvwiL t- | G3: 45589 | H3: evi t | J3: e„n¯úwZevi | K3: ‡WwWU | M3: ZvwiL t- | N3: 45589
A4: c~‡e©i K¨vk-Bb-n¨vÛ t | F4: ='OCT (23)'!D37 -> 187990 | G4: **** | J4: Awdm LiP-- | K4: D | M4: 4730 | N4: ****
C5: Kwgkb-- | D5: C | F5: 15440 | G5: =F4 -> 187990 | J5: eKwkm-- | K5: D | M5: 1020 | N5: =M4 -> 4730
C6: gmwR`-- | D6: C | F6: 120 | G6: =G5+F5 -> 203430 | J6: ÷vd‡`i bv¯Ív-- | K6: D | M6: 800 | N6: =N5+M5 -> 5750
C7: mwgwZ-- | D7: C | F7: 130 | G7: =G6+F6 -> 203550 | I7: 497 | J7: ‡gv¯Í-- | K7: D | L7: 468 | M7: 22670 | N7: =N6+M6 -> 6550
C8: wbjy Rgv-- | D8: C | F8: 2190 | G8: =G7+F7 -> 203680 | I8: 498 | J8: eKzj-- | K8: D | L8: 472 | M8: 18460 | N8: =N7+M7 -> 29220
C9: gvQ µ‡qi UvKv Rgv-- | D9: C | F9: 250 | G9: =G8+F8 -> 205870 | I9: 499 | J9: wRKz-- | K9: D | L9: 471 | M9: 22550 | N9: =N8+M8 -> 47680
C10: iv¾vK Rgv-- | D10: C | F10: 37390 | G10: =G9+F9 -> 206120 | I10: 500 | J10: ‡gvZv‡je-- | K10: D | L10: 467 | M10: 61970 | N10: =N9+M9 -> 70230
C11: ‡gv¯Í-- | D11: C | F11: 36500 | G11: =G10+F10 -> 243510 | I11: 501 | J11: jyrdvi-- | K11: D | L11: 475 | M11: 32400 | N11: =N10+M10 -> 132200
C12: eKzj-- | D12: C | F12: 5690 | G12: =G11+F11 -> 280010 | I12: 502 | J12: gyiv`-- | K12: D | L12: 469 | M12: 46790 | N12: =N11+M11 -> 164600
C13: wRKz-- | D13: C | F13: 50000 | G13: =G12+F12 -> 285700 | I13: 503 | J13: AvwRRyj-- | K13: D | L13: 486 | M13: 3960 | N13: =N12+M12 -> 211390
C14: ‡gvZv‡je-- | D14: C | F14: 20000 | G14: =G13+F13 -> 335700 | I14: 504 | J14: ‡ejv‡qZ-- | K14: D | L14: 477 | M14: 11670 | N14: =N13+M13 -> 215350
C15: jyrdvi-- | D15: C | F15: 35000 | G15: =G14+F14 -> 355700 | I15: 505 | J15: gwZb-- | K15: D | L15: 466 | M15: 19080 | N15: =N14+M14 -> 227020
C16: gyiv`-- | D16: C | F16: 10000 | G16: =G15+F15 -> 390700 | I16: 506 | J16: RvwKi m`©vi-- | K16: D | L16: 480 | M16: 35830 | N16: =N15+M15 -> 246100
C17: RvwKi-- | D17: C | F17: 59000 | G17: =G16+F16 -> 400700 | I17: 507 | J17: BwjqvQ-- | K17: D | L17: 481 | M17: 10200 | N17: =N16+M16 -> 281930
C18: Rvgvj-- | D18: C | F18: 1230 | G18: =G17+F17 -> 459700 | I18: 508 | J18: nvwKg-- | K18: D | L18: 478 | M18: 3840 | N18: =N17+M17 -> 292130
... C26: BwjqvQ Uzwc-- | D26: C | F26: 5940 | G26: =G25+F25 -> 495190 | I26: 516 | J26: Zzwnb-- | K26: D | L26: 484 | M26: 2410 | N26: =N25+M25 -> 352910
C27: nvwKg-- | D27: C | F27: 1520 | G27: =G26+F26 -> 501130 | J27: jrdi divRx-- | K27: D | M27: 50000 | N27: =N26+M26 -> 355320
C28: mvjvg-- | D28: C | F28: 5680 | G28: =G27+F27 -> 502650 | I28: 517 | J28: bM` weµq-- | K28: D | L28: 464 | M28: 37430 | N28: =N27+M27 -> 405320
C29: bM` weµq-- | D29: C | F29: 37430 | G29: =G28+F28 -> 508330 | K29: D | N29: =N28+M28 -> 442750
D30: C | G30: =G29+F29 -> 545760 | K30: D | N30: =N29+M29 -> 442750
C31: AvR‡Ki evKx = 3,48,770/= | D31: C | G31: =G30+F30 -> 545760 | J31: c~‡e©i LiP-58550/= | K31: D | N31: =N30+M30 -> 442750
C32: AvR‡Ki Av`vq = 3,02,210/= | D32: C | G32: =G31+F31 -> 545760 | J32: AvR‡Ki LiP-6550/= | K32: D | N32: =N31+M31 -> 442750
D33: C | G33: =G32+F32 -> 545760 | J33: ‡gvU LiP= 65100/= | K33: D | N33: =N32+M32 -> 442750
D34: C | G34: =G33+F33 -> 545760 | K34: D | N34: =N33+M33 -> 442750
A35: †gvU †µwWU t | D35: =G34+F34 -> 545760 | H35: ‡gvU †WweU t | K35: =N34+M34 -> 442750
A36: ‡gvU †WweU t | D36: =K35 -> 442750
A37: eZ©gvb K¨vk t | D37: =D35-D36 -> 103010

Sheet OCT (25)
A1: ‡gmvm© Imgvb wdm& | H1: ‡gmvm© Imgvb wdm&
A2: mvBb‡evW© evRvi grm Avor | H2: mvBb‡evW© evRvi grm Avor
A3: evi t | C3: ïµevi | D3: ‡µwWU | F3: ZvwiL t- | G3: 45590 | H3: evi t | J3: ïµevi | K3: ‡WwWU | M3: ZvwiL t- | N3: 45590
A4: c~‡e©i K¨vk-Bb-n¨vÛ t | F4: ='OCT (24)'!D37 -> 103010 | G4: **** | J4: Awdm LiP-- | K4: D | M4: 110 | N4: ****
C5: Kwgkb-- | D5: C | F5: 3820 | G5: =F4 -> 103010 | J5: eKwkm-- | K5: D | M5: 470 | N5: =M4 -> 110
C6: gmwR`-- | D6: C | F6: 50 | G6: =G5+F5 -> 106830 | J6: ÷vd‡`i bv¯Ív-- | K6: D | M6: 650 | N6: =N5+M5 -> 580
C7: mwgwZ-- | D7: C | F7: 50 | G7: =G6+F6 -> 106880 | I7: 518 | J7: iv¾vK evKx-- | K7: D | L7: 488 | M7: 3360 | N7: =N6+M6 -> 1230
C8: wbjy gvQ weµq-- | D8: C | F8: 500 | G8: =G7+F7 -> 106930 | I8: 519 | J8: ‡Zqe-- | K8: D | L8: 490 | M8: 7050 | N8: =N7+M7 -> 4590
C9: bM` weµq-- | D9: C | F9: 1420 | G9: =G8+F8 -> 107430 | I9: 520 | J9: gvneye weQU-- | K9: D | L9: 489 | M9: 1950 | N9: =N8+M8 -> 11640
C10: ‡gv¯Í XvKv-- | D10: C | F10: 10350 | G10: =G9+F9 -> 108850 | I10: 521 | J10: ûgvqyb-- | K10: D | L10: 491 | M10: 3130 | N10: =N9+M9 -> 13590
C11: gyiv`-- | D11: C | F11: 10000 | G11: =G10+F10 -> 119200 | I11: 522 | J11: `yjy-- | K11: D | L11: 492 | M11: 2850 | N11: =N10+M10 -> 16720
C12: AvwRRyj-- | D12: C | F12: 50000 | G12: =G11+F11 -> 129200 | I12: 523 | J12: ‡ngv‡qZ-- | K12: D | L12: 494 | M12: 4750 | N12: =N11+M11 -> 19570
C13: fvB fvB wdm-- | D13: C | F13: 10000 | G13: =G12+F12 -> 179200 | I13: 524 | J13: Avmjvg-- | K13: D | L13: 495 | M13: 3210 | N13: =N12+M12 -> 24320
C14: RvwKi m`©vi-- | D14: C | F14: 30000 | G14: =G13+F13 -> 189200 | I14: 525 | J14: Ggvg-- | K14: D | L14: 496 | M14: 3620 | N14: =N13+M13 -> 27530
C15: Rvgvj-- | D15: C | F15: 16000 | G15: =G14+F14 -> 219200 | I15: 526 | J15: kvwKj-- | K15: D | L15: 497 | M15: 4200 | N15: =N14+M14 -> 31150
C16: kvwnb-- | D16: C | F16: 32210 | G16: =G15+F15 -> 235200 | I16: 527 | J16: gwZb-- | K16: D | L16: 487 | M16: 37390 | N16: =N15+M15 -> 35350
C17: Kwig-- | D17: C | F17: 8420 | G17: =G16+F16 -> 267410 | I17: 528 | J17: nvwKg-- | K17: D | L17: 493 | M17: 3100 | N17: =N16+M16 -> 72740
C18: AvjgwMi-- | D18: C | F18: 7200 | G18: =G17+F17 -> 275830 | I18: 529 | J18: kvwnb-- | K18: D | L18: 498 | M18: 19620 | N18: =N17+M17 -> 75840
C19: ‰Zqe-- | D19: C | F19: 2550 | G19: =G18+F18 -> 283030 | I19: 530 | J19: bM` weµq-- | K19: D | L19: 484 | M19: 1420 | N19: =N18+M18 -> 95460
C20: wUUz-- | D20: C | F20: 8000 | G20: =G19+F19 -> 285580 | K20: D | N20: =N19+M19 -> 96880
C21: kvnveywÏb-- | D21: C | F21: 6480 | G21: =G20+F20 -> 293580 | K21: D | N21: =N20+M20 -> 96880
C22: mv‡q`-- | D22: C | F22: 2750 | G22: =G21+F21 -> 300060 | K22: D | N22: =N21+M21 -> 96880
C23: jvj fvB-- | D23: C | F23: 6010 | G23: =G22+F22 -> 302810 | K23: D | N23: =N22+M22 -> 96880
C24: ‡ejv‡qZ-- | D24: C | F24: 27300 | G24: =G23+F23 -> 308820 | K24: D | N24: =N23+M23 -> 96880
C25: BwjqvQ-- | D25: C | F25: 10200 | G25: =G24+F24 -> 336120 | K25: D | N25: =N24+M24 -> 96880
C26: kvgxg-- | D26: C | F26: 2930 | G26: =G25+F25 -> 346320 | J26: c~‡e©i LiP-65100/= | K26: D | N26: =N25+M25 -> 96880
C27: nvwKg-- | D27: C | F27: 3840 | G27: =G26+F26 -> 349250 | J27: AvR‡Ki LiP-1230/= | K27: D | N27: =N26+M26 -> 96880
C28: kvwKj-- | D28: C | F28: 8520 | G28: =G27+F27 -> 353090 | J28: ‡gvU LiP= 66330/= | K28: D | N28: =N27+M27 -> 96880
C29: ûgvqyb-- | D29: C | F29: 7890 | G29: =G28+F28 -> 361610 | K29: D | N29: =N28+M28 -> 96880
C30: wejøvj-- | D30: C | F30: 2860 | G30: =G29+F29 -> 369500 | K30: D | N30: =N29+M29 -> 96880
C31: wgëb-- | D31: C | F31: 2810 | G31: =G30+F30 -> 372360 | K31: D | N31: =N30+M30 -> 96880
C32: Zzwnb-- | D32: C | F32: 2410 | G32: =G31+F31 -> 375170 | K32: D | N32: =N31+M31 -> 96880
C33: AvR‡Ki evKx = 94,230/= | D33: C | G33: =G32+F32 -> 377580 | K33: D | N33: =N32+M32 -> 96880
C34: AvR‡Ki Av`vq = 2,68,730/= | D34: C | G34: =G33+F33 -> 377580 | K34: D | N34: =N33+M33 -> 96880
A35: †gvU †µwWU t | D35: =G34+F34 -> 377580 | H35: ‡gvU †WweU t | K35: =N34+M34 -> 96880
A36: ‡gvU †WweU t | D36: =K35 -> 96880
A37: eZ©gvb K¨vk t | D37: =D35-D36 -> 280700

Sheet OCT (26)
A1: ‡gmvm© Imgvb wdm& | H1: ‡gmvm© Imgvb wdm&
A2: mvBb‡evW© evRvi grm Avor | H2: mvBb‡evW© evRvi grm Avor
A3: evi t | C3: kwbevi | D3: ‡µwWU | F3: ZvwiL t- | G3: 45591 | H3: evi t | J3: kwbevi | K3: ‡WwWU | M3: ZvwiL t- | N3: 45591
A4: c~‡e©i K¨vk-Bb-n¨vÛ t | F4: ='OCT (25)'!D37 -> 280700 | G4: **** | J4: Awdm LiP-- | K4: D | M4: 530 | N4: ****
C5: Kwgkb-- | D5: C | F5: 4760 | G5: =F4 -> 280700 | J5: eKwkm-- | K5: D | M5: 210 | N5: =M4 -> 530
C6: gmwR`-- | D6: C | F6: 30 | G6: =G5+F5 -> 285460 | J6: ÷vd‡`i bv¯Ív-- | K6: D | M6: 560 | N6: =N5+M5 -> 740
C7: mwgwZ-- | D7: C | F7: 30 | G7: =G6+F6 -> 285490 | J7: wbjy †gvevBj-- | K7: D | M7: 520 | N7: =N6+M6 -> 1300
C8: ‡gvZv‡je-- | D8: C | F8: 40000 | G8: =G7+F7 -> 285520 | I8: 531 | J8: ‡gv¯Í XvKv-- | K8: D | L8: 1014 | M8: 15460 | N8: =N7+M7 -> 1820
C9: jyrdvi-- | D9: C | F9: 20000 | G9: =G8+F8 -> 325520 | I9: 532 | J9: ‡gvZv‡je-- | K9: D | L9: 1013 | M9: 11340 | N9: =N8+M8 -> 17280
C10: ‡mvnvM-- | D10: C | F10: 2000 | G10: =G9+F9 -> 345520 | I10: 533 | J10: Av‡bvqvi-- | K10: D | L10: 1012 | M10: 970 | N10: =N9+M9 -> 28620
C11: gwZb-- | D11: C | F11: 50000 | G11: =G10+F10 -> 347520 | I11: 534 | J11: kvwKj-- | K11: D | L11: 499 | M11: 8390 | N11: =N10+M10 -> 29590
C12: kvwnb-- | D12: C | F12: 19000 | G12: =G11+F11 -> 397520 | I12: 535 | J12: ‡ejv‡qZ-- | K12: D | L12: 500 | M12: 15500 | N12: =N11+M11 -> 37980
C13: kvnvRvb-- | D13: C | F13: 3400 | G13: =G12+F12 -> 416520 | I13: 536 | J13: ‡ngv‡qZ-- | K13: D | L13: 1011 | M13: 3320 | N13: =N12+M12 -> 53480
C14: kwn`yj-- | D14: C | F14: 1940 | G14: =G13+F13 -> 419920 | I14: 537 | J14: AvjgwMi-- | K14: D | L14: 1007 | M14: 3510 | N14: =N13+M13 -> 56800
C15: wUUz-- | D15: C | F15: 1400 | G15: =G14+F14 -> 421860 | I15: 538 | J15: BwjqvQ-- | K15: D | L15: 1001 | M15: 12870 | N15: =N14+M14 -> 60310
C16: Av‡bvqvi-- | D16: C | F16: 11980 | G16: =G15+F15 -> 423260 | I16: 539 | J16: mvjvg-- | K16: D | L16: 1004 | M16: 4610 | N16: =N15+M15 -> 73180
C17: Gbmvb-- | D17: C | F17: 4170 | G17: =G16+F16 -> 435240 | I17: 540 | J17: nvwKg-- | K17: D | L17: 1002 | M17: 7360 | N17: =N16+M16 -> 77790
C18: kvwKj-- | D18: C | F18: 4200 | G18: =G17+F17 -> 439410 | I18: 541 | J18: mv‡q`-- | K18: D | L18: 1003 | M18: 3240 | N18: =N17+M17 -> 85150
C19: Ggvg-- | D19: C | F19: 3620 | G19: =G18+F18 -> 443610 | I19: 542 | J19: wiqvR-- | K19: D | L19: 1005 | M19: 3500 | N19: =N18+M18 -> 88390
... C24: ûgvqyb-- | D24: C | F24: 3130 | G24: =G23+F23 -> 461140 | I24: 547 | J24: bM` weµq-- | K24: D | L24: 1015 | M24: 13180 | N24: =N23+M23 -> 107730
C25: ‰Zqe-- | D25: C | F25: 7050 | G25: =G24+F24 -> 464270 | K25: D | N25: =N24+M24 -> 120910
C26: gvnveye-- | D26: C | F26: 1950 | G26: =G25+F25 -> 471320 | K26: D | N26: =N25+M25 -> 120910
C27: bM` weµq-- | D27: C | F27: 13180 | G27: =G26+F26 -> 473270 | K27: D | N27: =N26+M26 -> 120910
D28: C | G28: =G27+F27 -> 486450 | J28: c~‡e©i LiP-66330/= | K28: D | N28: =N27+M27 -> 120910
D29: C | G29: =G28+F28 -> 486450 | J29: AvR‡Ki LiP-1820/= | K29: D | N29: =N28+M28 -> 120910
C30: AvR‡Ki evKx = 1,05,910/= | D30: C | G30: =G29+F29 -> 486450 | J30: ‡gvU LiP= 68150/= | K30: D | N30: =N29+M29 -> 120910
C31: AvR‡Ki Av`vq = 1,87,750/= | D31: C | G31: =G30+F30 -> 486450 | K31: D | N31: =N30+M30 -> 120910
D32: C | G32: =G31+F31 -> 486450 | K32: D | N32: =N31+M31 -> 120910
D33: C | G33: =G32+F32 -> 486450 | K33: D | N33: =N32+M32 -> 120910
D34: C | G34: =G33+F33 -> 486450 | K34: D | N34: =N33+M33 -> 120910
A35: †gvU †µwWU t | D35: =G34+F34 -> 486450 | H35: ‡gvU †WweU t | K35: =N34+M34 -> 120910
A36: ‡gvU †WweU t | D36: =K35 -> 120910
A37: eZ©gvb K¨vk t | D37: =D35-D36 -> 365540

Sheet OCT (27)
A1: ‡gmvm© Imgvb wdm& | H1: ‡gmvm© Imgvb wdm&
A2: mvBb‡evW© evRvi grm Avor | H2: mvBb‡evW© evRvi grm Avor
A3: evi t | C3: iweevi | D3: ‡µwWU | F3: ZvwiL t- | G3: 45592 | H3: evi t | J3: iweevi | K3: ‡WwWU | M3: ZvwiL t- | N3: 45592
A4: c~‡e©i K¨vk-Bb-n¨vÛ t | F4: ='OCT (26)'!D37 -> 365540 | G4: **** | J4: Awdm LiP-- | K4: D | M4: 1210 | N4: ****
C5: Kwgkb-- | D5: C | F5: 17840 | G5: =F4 -> 365540 | J5: eKwkm-- | K5: D | M5: 1220 | N5: =M4 -> 1210
C6: gmwR`-- | D6: C | F6: 100 | G6: =G5+F5 -> 383380 | J6: ÷vd‡`i bv¯Ív-- | K6: D | M6: 650 | N6: =N5+M5 -> 2430
C7: mwgwZ-- | D7: C | F7: 100 | G7: =G6+F6 -> 383480 | J7: wbjy ‡gvUi-mvB‡Kj-- | K7: D | M7: 700 | N7: =N6+M6 -> 3080
C8: wbjy avi cwi‡kva-- | D8: C | F8: 500 | G8: =G7+F7 -> 383580 | J8: B›Uvi‡bU+wUwf-- | K8: D | M8: 20250 | N8: =N7+M7 -> 3780
C9: bM` weµq-- | D9: C | F9: 71970 | G9: =G8+F8 -> 384080 | J9: wbjy avi-- | K9: D | M9: 500 | N9: =N8+M8 -> 24030
C10: ‡gvZv‡je Av`vq-- | D10: C | F10: 20000 | G10: =G9+F9 -> 456050 | I10: 548 | J10: iv¾vK evKx-- | K10: D | L10: 1034 | M10: 17100 | N10: =N9+M9 -> 24530
C11: gwZb-- | D11: C | F11: 9790 | G11: =G10+F10 -> 476050 | I11: 549 | J11: ‡gv¯Í-- | K11: D | L11: 1036 | M11: 28060 | N11: =N10+M10 -> 41630
C12: Av‡bvqvi-- | D12: C | F12: 970 | G12: =G11+F11 -> 485840 | I12: 550 | J12: wRKz fvB-- | K12: D | L12: 1019 | M12: 57780 | N12: =N11+M11 -> 69690
C13: ‡ngv‡qZ-- | D13: C | F13: 3320 | G13: =G12+F12 -> 486810 | I13: 551 | J13: ‡gvZv‡je-- | K13: D | L13: 1018 | M13: 9400 | N13: =N12+M12 -> 127470
C14: kvgxg-- | D14: C | F14: 3540 | G14: =G13+F13 -> 490130 | I14: 552 | J14: jyrdvi-- | K14: D | L14: 1030 | M14: 10530 | N14: =N13+M13 -> 136870
C15: kvnveywÏb-- | D15: C | F15: 4630 | G15: =G14+F14 -> 493670 | I15: 553 | J15: Av‡bvqvi-- | K15: D | L15: 1048 | M15: 2930 | N15: =N14+M14 -> 147400
C16: mvLvIqvZ-- | D16: C | F16: 4970 | G16: =G15+F15 -> 498300 | I16: 554 | J16: Ggvg-- | K16: D | L16: 1026 | M16: 23620 | N16: =N15+M15 -> 150330
C17: mvjvg-- | D17: C | F17: 4610 | G17: =G16+F16 -> 503270 | I17: 555 | J17: kvwKj-- | K17: D | L17: 1044 | M17: 1380 | N17: =N16+M16 -> 173950
C18: mv‡q`-- | D18: C | F18: 3240 | G18: =G17+F17 -> 507880 | I18: 556 | J18: evmvi-- | K18: D | L18: 1035 | M18: 9500 | N18: =N17+M17 -> 175330
C19: BwjqvQ-- | D19: C | F19: 12870 | G19: =G18+F18 -> 511120 | I19: 557 | J19: mvB`yj-- | K19: D | L19: 1033 | M19: 1300 | N19: =N18+M18 -> 184830
C20: ‡ejv‡qZ-- | D20: C | F20: 15500 | G20: =G19+F19 -> 523990 | I20: 558 | J20: ‡ejv‡qZ-- | K20: D | L20: 1022 | M20: 35740 | N20: =N19+M19 -> 186130
C21: kvwKj-- | D21: C | F21: 8390 | G21: =G20+F20 -> 539490 | I21: 559 | J21: ûgvqyb-- | K21: D | L21: 1032 | M21: 6480 | N21: =N20+M20 -> 221870
D22: C | G22: =G21+F21 -> 547880 | I22: 560 | J22: gwZb-- | K22: D | L22: 1021 | M22: 20810 | N22: =N21+M21 -> 228350
D23: C | G23: =G22+F22 -> 547880 | I23: 561 | J23: ‡ngv‡qZ-- | K23: D | L23: 1023 | M23: 18120 | N23: =N22+M22 -> 249160
G24: =G23+F23 -> 547880 | I24: 562 | J24: RvwKi m`©vi-- | K24: D | L24: 1020 | M24: 38440 | N24: =N23+M23 -> 267280
G25: =G24+F24 -> 547880 | I25: 563 | J25: AvjgwMi-- | K25: D | L25: 1025 | M25: 6050 | N25: =N24+M24 -> 305720
G26: =G25+F25 -> 547880 | I26: 564 | J26: BwjqvQ Uzwc-- | K26: D | L26: 1029 | M26: 3420 | N26: =N25+M25 -> 311770
G27: =G26+F26 -> 547880 | I27: 565 | J27: Kwig-- | K27: D | L27: 1027 | M27: 18200 | N27: =N26+M26 -> 315190
G28: =G27+F27 -> 547880 | I28: 566 | J28: Avmv`-- | K28: D | L28: 551 | M28: 2820 | N28: =N27+M27 -> 333390
G29: =G28+F28 -> 547880 | I29: 567 | J29: mvjvg-- | K29: D | L29: 1028 | M29: 5390 | N29: =N28+M28 -> 336210
G30: =G29+F29 -> 547880 | I30: 568 | J30: mv‡q`-- | K30: D | L30: 1039 | M30: 3280 | N30: =N29+M29 -> 341600
G31: =G30+F30 -> 547880 | I31: 569 | J31: kvgxg-- | K31: D | L31: 1046 | M31: 2990 | N31: =N30+M30 -> 344880
G32: =G31+F31 -> 547880 | I32: 570 | J32: jvj fvB-- | K32: D | L32: 1031 | M32: 5300 | N32: =N31+M31 -> 347870
G33: =G32+F32 -> 547880 | I33: 571 | J33: iwdKzj fvULvjx-- | K33: D | L33: 1037 | M33: 3180 | N33: =N32+M32 -> 353170
G34: =G33+F33 -> 547880 | I34: 572 | J34: iwdKzj Kvt-- | K34: D | L34: 1040 | M34: 10600 | N34: =N33+M33 -> 356350
D35: C | G35: =G34+F34 -> 547880 | I35: 573 | J35: gvnKzK weQU-- | K35: D | L35: 1038 | M35: 7090 | N35: =N34+M34 -> 366950
D36: C | G36: =G35+F35 -> 547880 | I36: 574 | J36: mvLvIqvZ fvU-- | K36: D | L36: 1049 | M36: 1990 | N36: =N35+M35 -> 374040
D37: C | G37: =G36+F36 -> 547880 | I37: 575 | J37: kvwnb-- | K37: D | L37: 1024 | M37: 3620 | N37: =N36+M36 -> 376030
D38: C | G38: =G37+F37 -> 547880 | I38: 576 | J38: jvj wgqv-- | K38: D | L38: 1042 | M38: 2030 | N38: =N37+M37 -> 379650
D39: C | G39: =G38+F38 -> 547880 | I39: 577 | J39: gvndzR-- | K39: D | L39: 1043 | M39: 8330 | N39: =N38+M38 -> 381680
D40: C | G40: =G39+F39 -> 547880 | I40: 578 | J40: iæ¤§b-- | K40: D | L40: 1045 | M40: 2750 | N40: =N39+M39 -> 390010
D41: C | G41: =G40+F40 -> 547880 | I41: 579 | J41: wgivR-- | K41: D | L41: 1047 | M41: 3210 | N41: =N40+M40 -> 392760
D42: C | G42: =G41+F41 -> 547880 | I42: 580 | J42: Gg`v`-- | K42: D | L42: 1050 | M42: 3130 | N42: =N41+M41 -> 395970
C43: AvR‡Ki evKx =3,74,570/= | D43: C | G43: =G42+F42 -> 547880 | I43: 581 | J43: bM` weµq-- | K43: D | L43: 1016*17 | M43: 71970 | N43: =N42+M42 -> 399100
C44: AvR‡Ki Av`vq = 91,830/= | D44: C | G44: =G43+F43 -> 547880 | K44: D | N44: =N43+M43 -> 471070
G45: =G44+F44 -> 547880 | J45: c~‡e©i LiP-68150/= | K45: D | N45: =N44+M44 -> 471070
G46: =G45+F45 -> 547880 | J46: AvR‡Ki LiP-24030/= | K46: D | N46: =N45+M45 -> 471070
D47: C | G47: =G46+F46 -> 547880 | J47: ‡gvU LiP= 92180/= | K47: D | N47: =N46+M46 -> 471070
A48: †gvU †µwWU t | D48: =G47+F47 -> 547880 | H48: ‡gvU †WweU t | K48: =N47+M47 -> 471070
A49: ‡gvU †WweU t | D49: =K48 -> 471070
A50: eZ©gvb K¨vk t | D50: =D48-D49 -> 76810

Sheet OCT (28)
A1: ‡gmvm© Imgvb wdm& | H1: ‡gmvm© Imgvb wdm&
A2: mvBb‡evW© evRvi grm Avor | H2: mvBb‡evW© evRvi grm Avor
A3: evi t | C3: ‡mvgevi | D3: ‡µwWU | F3: ZvwiL t- | G3: 45593 | H3: evi t | J3: ‡mvgevi | K3: ‡WwWU | M3: ZvwiL t- | N3: 45593
A4: c~‡e©i K¨vk-Bb-n¨vÛ t | F4: ='OCT (27)'!D50 -> 76810 | G4: **** | J4: Awdm LiP-- | K4: D | M4: 460 | N4: ****
C5: Kwgkb-- | D5: C | F5: 19130 | G5: =F4 -> 76810 | J5: eKwkm-- | K5: D | M5: 2030 | N5: =M4 -> 460
C6: gmwR`-- | D6: C | F6: 90 | G6: =G5+F5 -> 95940 | J6: ÷vd‡`i bv¯Ív-- | K6: D | M6: 700 | N6: =N5+M5 -> 2490
C7: mwgwZ-- | D7: C | F7: 90 | G7: =G6+F6 -> 96030 | J7: wbjy ‡gvUi-mvB‡Kj-- | K7: D | M7: 3500 | N7: =N6+M6 -> 3190
C8: iv¾vK-- | D8: C | F8: 8360 | G8: =G7+F7 -> 96120 | J8: †LvKb fvB avi-- | K8: D | M8: 1000 | N8: =N7+M7 -> 6690
C9: ‡gv¯Í-- | D9: C | F9: 38140 | G9: =G8+F8 -> 104480 | J9: gyiv` `dv`vi-- | K9: D | M9: 1000 | N9: =N8+M8 -> 7690
C10: eKyj-- | D10: C | F10: 13460 | G10: =G9+F9 -> 142620 | J10: wbjy avi-- | K10: D | M10: 7500 | N10: =N9+M9 -> 8690
C11: wRKz-- | D11: C | F11: 47610 | G11: =G10+F10 -> 156080 | I11: 582 | J11: ‡gv¯Í-- | K11: D | L11: 556 | M11: 3060 | N11: =N10+M10 -> 16190
C12: ‡gvZv‡je-- | D12: C | F12: 15000 | G12: =G11+F11 -> 203690 | I12: 583 | J12: wRKz-- | K12: D | L12: 555 | M12: 81850 | N12: =N11+M11 -> 19250
C13: jyrdvi-- | D13: C | F13: 15000 | G13: =G12+F12 -> 218690 | I13: 584 | J13: ‡gvZv‡je-- | K13: D | L13: 562 | M13: 33000 | N13: =N12+M12 -> 101100
C14: gyiv`-- | D14: C | F14: 45000 | G14: =G13+F13 -> 233690 | I14: 585 | J14: jyrdvi-- | K14: D | L14: 554 | M14: 35630 | N14: =N13+M13 -> 134100
C15: RvwKi-- | D15: C | F15: 36000 | G15: =G14+F14 -> 278690 | I15: 586 | J15: gyiv`-- | K15: D | L15: 559 | M15: 13630 | N15: =N14+M14 -> 169730
C16: evnv`yi-- | D16: C | F16: 10000 | G16: =G15+F15 -> 314690 | I16: 587 | J16: Av‡bvqvi-- | K16: D | L16: 564 | M16: 2380 | N16: =N15+M15 -> 183360
C17: AvjgwMi-- | D17: C | F17: 3510 | G17: =G16+F16 -> 324690 | I17: 588 | J17: Ggvg-- | K17: D | L17: 561 | M17: 10630 | N17: =N16+M16 -> 185740
C18: wiqvR-- | D18: C | F18: 3500 | G18: =G17+F17 -> 328200 | I18: 589 | J18: kvwKj-- | K18: D | L18: 560 | M18: 28350 | N18: =N17+M17 -> 196370
C19: Avmv`-- | D19: C | F19: 2820 | G19: =G18+F18 -> 331700 | I19: 590 | J19: evmvi-- | K19: D | L19: 572 | M19: 4390 | N19: =N18+M18 -> 224720
C20: ‡ejv‡qZ-- | D20: C | F20: 35740 | G20: =G19+F19 -> 334520 | I20: 591 | J20: ‡mv‡nj-- | K20: D | L20: 580 | M20: 4580 | N20: =N19+M19 -> 229110
C21: ‡ngv‡qZ-- | D21: C | F21: 18120 | G21: =G20+F20 -> 370260 | I21: 592 | J21: ‡ejv‡qZ-- | K21: D | L21: 557 | M21: 14730 | N21: =N20+M20 -> 233690
C22: AvjgwMi †Zjx-- | D22: C | F22: 6050 | G22: =G21+F21 -> 388380 | I22: 593 | J22: RvwKi †Zjx-- | K22: D | L22: 568 | M22: 2810 | N22: =N21+M21 -> 248420
... C38: bM` weµq-- | D38: C | F38: 34110 | G38: =G37+F37 -> 487680 | I38: 609 | J38: Gb`vZ-- | K38: D | L38: 563 | M38: 16030 | N38: =N37+M37 -> 439410
D39: C | G39: =G38+F38 -> 521790 | I39: 610 | J39: Rvnvw½i-- | K39: D | L39: 567 | M39: 1300 | N39: =N38+M38 -> 455440
D40: C | G40: =G39+F39 -> 521790 | I40: 611 | J40: bM` weµq-- | K40: D | L40: 552 | M40: 34110 | N40: =N39+M39 -> 456740
C41: AvR‡Ki evKx = 4,44,400/= | D41: C | G41: =G40+F40 -> 521790 | I41: 612 | J41: imyj-- | K41: D | L41: 577 | M41: 3850 | N41: =N40+M40 -> 490850
C42: AvR‡Ki Av`vq = 3,91,560/= | D42: C | G42: =G41+F41 -> 521790 | K42: D | N42: =N41+M41 -> 494700
D43: C | G43: =G42+F42 -> 521790 | J43: c~‡e©i LiP-92180/= | K43: D | N43: =N42+M42 -> 494700
D44: C | G44: =G43+F43 -> 521790 | J44: AvR‡Ki LiP-6690/= | K44: D | N44: =N43+M43 -> 494700
D45: C | G45: =G44+F44 -> 521790 | J45: ‡gvU LiP= 98870/= | K45: D | N45: =N44+M44 -> 494700
A46: †gvU †µwWU t | D46: =G45+F45 -> 521790 | H46: ‡gvU †WweU t | K46: =N45+M45 -> 494700
A47: ‡gvU †WweU t | D47: =K46 -> 494700
A48: eZ©gvb K¨vk t | D48: =D46-D47 -> 27090

Sheet OCT (29)
A1: ‡gmvm© Imgvb wdm& | H1: ‡gmvm© Imgvb wdm&
A2: mvBb‡evW© evRvi grm Avor | H2: mvBb‡evW© evRvi grm Avor
A3: evi t | C3: g½jevi | D3: ‡µwWU | F3: ZvwiL t- | G3: 45594 | H3: evi t | J3: g½jevi | K3: ‡WwWU | M3: ZvwiL t- | N3: 45594
A4: c~‡e©i K¨vk-Bb-n¨vÛ t | F4: ='OCT (28)'!D48 -> 27090 | G4: **** | J4: Awdm LiP-- | K4: D | M4: 940 | N4: ****
C5: Kwgkb-- | D5: C | F5: 27310 | G5: =F4 -> 27090 | J5: eKwkm-- | K5: D | M5: 2200 | N5: =M4 -> 940
C6: gmwR`-- | D6: C | F6: 90 | G6: =G5+F5 -> 54400 | J6: ÷vd‡`i bv¯Ív-- | K6: D | M6: 700 | N6: =N5+M5 -> 3140
C7: mwgwZ-- | D7: C | F7: 100 | G7: =G6+F6 -> 54490 | J7: ‡Rbv‡iUi PvKv-- | K7: D | M7: 2600 | N7: =N6+M6 -> 3840
C8: B›Uvi‡bU Li‡Pi UvKv †diZ-- | D8: C | F8: 300 | G8: =G7+F7 -> 54590 | J8: jvKx avi-- | K8: D | M8: 2000 | N8: =N7+M7 -> 6440
C9: Gg. wW. mv‡ne †diZ-- | D9: C | F9: 1000 | G9: =G8+F8 -> 54890 | J9: ivZzj avi-- | K9: D | M9: 40000 | N9: =N8+M8 -> 8440
C10: 28-10-24 K¨vk e„w×-- | D10: C | F10: 600 | G10: =G9+F9 -> 55890 | I10: 613 | J10: iv¾vK evKx-- | K10: D | L10: 587 | M10: 11880 | N10: =N9+M9 -> 48440
C11: g~jab MÖnY-- | D11: C | F11: 520000 | G11: =G10+F10 -> 56490 | I11: 614 | J11: ‡gv¯Í-- | K11: D | L11: 585 | M11: 11210 | N11: =N10+M10 -> 60320
C12: bM` weµq-- | D12: C | F12: 38770 | G12: =G11+F11 -> 576490 | I12: 615 | J12: wRKz fvB-- | K12: D | L12: 588 | M12: 72210 | N12: =N11+M11 -> 71530
C13: eKzj Av`vq-- | D13: C | F13: 5000 | G13: =G12+F12 -> 615260 | I13: 616 | J13: jyrdvi-- | K13: D | L13: 584 | M13: 57730 | N13: =N12+M12 -> 143740
C14: ‡gvZv‡je-- | D14: C | F14: 30000 | G14: =G13+F13 -> 620260 | I14: 617 | J14: gyiv`-- | K14: D | L14: 586 | M14: 31220 | N14: =N13+M13 -> 201470
C15: jyrdvi-- | D15: C | F15: 30000 | G15: =G14+F14 -> 650260 | I15: 618 | J15: AvwRRyj-- | K15: D | L15: 589 | M15: 90860 | N15: =N14+M14 -> 232690
C16: gvwZb-- | D16: C | F16: 30810 | G16: =G15+F15 -> 680260 | I16: 619 | J16: Av‡bvqvi-- | K16: D | L16: 592 | M16: 11600 | N16: =N15+M15 -> 323550
C17: mvMi-- | D17: C | F17: 3200 | G17: =G16+F16 -> 711070 | I17: 620 | J17: evnv`yi-- | K17: D | L17: 593 | M17: 23730 | N17: =N16+M16 -> 335150
C18: Kwig-- | D18: C | F18: 8000 | G18: =G17+F17 -> 714270 | I18: 621 | J18: Ggvg-- | K18: D | L18: 414 | M18: 15520 | N18: =N17+M17 -> 358880
C19: jvj fvB-- | D19: C | F19: 5300 | G19: =G18+F18 -> 722270 | I19: 622 | J19: evmvi-- | K19: D | L19: 411 | M19: 3530 | N19: =N18+M18 -> 374400
C20: iæ¤§vb-- | D20: C | F20: 2750 | G20: =G19+F19 -> 727570 | I20: 623 | J20: ‡mv‡nj-- | K20: D | L20: 407 | M20: 3290 | N20: =N19+M19 -> 377930
C21: Av‡bvqvi-- | D21: C | F21: 5310 | G21: =G20+F20 -> 730320 | I21: 624 | J21: ‡ejv‡qZ-- | K21: D | L21: 599 | M21: 7270 | N21: =N20+M20 -> 381220
... C38: mvjvg-- | D38: C | F38: 7530 | G38: =G37+F37 -> 886630 | I38: 641 | J38: kvRvnvb-- | K38: D | L38: 405 | M38: 2800 | N38: =N37+M37 -> 681170
C39: AvR‡Ki evKx = 6,44,300/= | D39: C | G39: =G38+F38 -> 894160 | I39: 642 | J39: kvgxg-- | K39: D | L39: 404 | M39: 2550 | N39: =N38+M38 -> 683970
C40: AvR‡Ki Av`vq = 2,78,900/= | D40: C | G40: =G39+F39 -> 894160 | I40: 643 | J40: wgRy-- | K40: D | L40: 595 | M40: 2780 | N40: =N39+M39 -> 686520
D41: C | G41: =G40+F40 -> 894160 | I41: 644 | J41: ûgvqyb-- | K41: D | L41: 594 | M41: 3440 | N41: =N40+M40 -> 689300
C42: c~‡e©i LiP-98570/= | D42: C | G42: =G41+F41 -> 894160 | I42: 645 | J42: bM` weµq-- | K42: D | L42: 581 | M42: 38770 | N42: =N41+M41 -> 692740
C43: AvR‡Ki LiP-6440/= | D43: C | G43: =G42+F42 -> 894160 | K43: D | N43: =N42+M42 -> 731510
C44: ‡gvU LiP= 105010/= | D44: C | G44: =G43+F43 -> 894160 | K44: D | N44: =N43+M43 -> 731510
A45: †gvU †µwWU t | D45: =G44+F44 -> 894160 | H45: ‡gvU †WweU t | K45: =N44+M44 -> 731510
A46: ‡gvU †WweU t | D46: =K45 -> 731510
A47: eZ©gvb K¨vk t | D47: =D45-D46 -> 162650

Sheet OCT (30)
A1: ‡gmvm© Imgvb wdm& | H1: ‡gmvm© Imgvb wdm&
A2: mvBb‡evW© evRvi grm Avor | H2: mvBb‡evW© evRvi grm Avor
A3: evi t | C3: eyaevi | D3: ‡µwWU | F3: ZvwiL t- | G3: 45595 | H3: evi t | J3: eyaevi | K3: ‡WwWU | M3: ZvwiL t- | N3: 45595
A4: c~‡e©i K¨vk-Bb-n¨vÛ t | F4: ='OCT (29)'!D47 -> 162650 | G4: **** | J4: Awdm LiP-- | K4: D | M4: 1625 | N4: ****
C5: Kwgkb-- | D5: C | F5: 8790 | G5: =F4 -> 162650 | J5: eKwkm-- | K5: D | M5: 650 | N5: =M4 -> 1625
C6: gmwR`-- | D6: C | F6: 80 | G6: =G5+F5 -> 171440 | J6: ÷vd‡`i bv¯Ív-- | K6: D | M6: 700 | N6: =N5+M5 -> 2275
C7: mwgwZ-- | D7: C | F7: 80 | G7: =G6+F6 -> 171520 | J7: g~jab †diZ-- | K7: D | M7: 200000 | N7: =N6+M6 -> 2975
C8: gvQ weµq Kwgkb-- | D8: C | F8: 50 | G8: =G7+F7 -> 171600 | I8: 646 | J8: iv¾vK-- | K8: D | L8: 415 | M8: 51660 | N8: =N7+M7 -> 202975
C9: ivZzj Rgv-- | D9: C | F9: 40000 | G9: =G8+F8 -> 171650 | I9: 647 | J9: ‡gv¯Í-- | K9: D | L9: 420 | M9: 26090 | N9: =N8+M8 -> 254635
C10: gyiv` Rgv-- | D10: C | F10: 1000 | G10: =G9+F9 -> 211650 | I10: 648 | J10: wRKz-- | K10: D | L10: 416 | M10: 2680 | N10: =N9+M9 -> 280725
C11: bM` weµq-- | D11: C | F11: 29090 | G11: =G10+F10 -> 212650 | I11: 649 | J11: ‡gvZv‡je-- | K11: D | L11: 418 | M11: 1300 | N11: =N10+M10 -> 283405
C12: iv¾vK Av`vq-- | D12: C | F12: 17100 | G12: =G11+F11 -> 241740 | I12: 650 | J12: jyrdvi-- | K12: D | L12: 417 | M12: 10070 | N12: =N11+M11 -> 284705
C13: ‡gv¯Í-- | D13: C | F13: 31120 | G13: =G12+F12 -> 258840 | I13: 651 | J13: fvB fvB wdm-- | K13: D | L13: 424 | M13: 7830 | N13: =N12+M12 -> 294775
C14: jyrdvi-- | D14: C | F14: 50000 | G14: =G13+F13 -> 289960 | I14: 652 | J14: AvwRRyj-- | K14: D | L14: 421 | M14: 7500 | N14: =N13+M13 -> 302605
C15: gyiv` XvKv-- | D15: C | F15: 10000 | G15: =G14+F14 -> 339960 | I15: 653 | J15: gwZb-- | K15: D | L15: 425 | M15: 2640 | N15: =N14+M14 -> 310105
C16: AvwRRyj-- | D16: C | F16: 55000 | G16: =G15+F15 -> 349960 | I16: 654 | J16: Av‡bvqvi-- | K16: D | L16: 428 | M16: 6740 | N16: =N15+M15 -> 312745
C17: w`b eÜz-- | D17: C | F17: 28000 | G17: =G16+F16 -> 404960 | I17: 655 | J17: Ggvg-- | K17: D | L17: 438 | M17: 2270 | N17: =N16+M16 -> 319485
C18: RvwKi m`©vi-- | D18: C | F18: 30000 | G18: =G17+F17 -> 432960 | I18: 656 | J18: mvjvg-- | K18: D | L18: 422 | M18: 1620 | N18: =N17+M17 -> 321755
C19: kvwnb-- | D19: C | F19: 15000 | G19: =G18+F18 -> 462960 | I19: 657 | J19: ‡ejv‡qZ-- | K19: D | L19: 419 | M19: 21760 | N19: =N18+M18 -> 323375
... C33: ‡ngv‡qZ-- | D33: C | F33: 5320 | G33: =G32+F32 -> 571120 | I33: 671 | J33: bM` weµq-- | K33: D | L33: 413 | M33: 29090 | N33: =N32+M32 -> 393605
C34: GKivg-- | D34: C | F34: 20000 | G34: =G33+F33 -> 576440 | K34: D | N34: =N33+M33 -> 422695
C35: kvgxg-- | D35: C | F35: 2550 | G35: =G34+F34 -> 596440 | K35: D | N35: =N34+M34 -> 422695
C36: ‡mv‡nj-- | D36: C | F36: 3290 | G36: =G35+F35 -> 598990 | J36: c~‡e©i LiP-105010/= | K36: D | N36: =N35+M35 -> 422695
C37: evmvi-- | D37: C | F37: 3530 | G37: =G36+F36 -> 602280 | J37: AvR‡Ki LiP-2975/= | K37: D | N37: =N36+M36 -> 422695
C38: gvneye-- | D38: C | F38: 6480 | G38: =G37+F37 -> 605810 | J38: ‡gvU LiP= 107985/= | K38: D | N38: =N37+M37 -> 422695
C39: Ggvg-- | D39: C | F39: 15520 | G39: =G38+F38 -> 612290 | K39: D | N39: =N38+M38 -> 422695
D40: C | G40: =G39+F39 -> 627810 | K40: D | N40: =N39+M39 -> 422695
D41: C | G41: =G40+F40 -> 627810 | K41: D | N41: =N40+M40 -> 422695
D42: C | G42: =G41+F41 -> 627810 | K42: D | N42: =N41+M41 -> 422695
C43: AvR‡Ki evKx = 1,90,630/= | D43: C | G43: =G42+F42 -> 627810 | K43: D | N43: =N42+M42 -> 422695
C44: AvR‡Ki Av`vq = 3,86,070/= | D44: C | G44: =G43+F43 -> 627810 | K44: D | N44: =N43+M43 -> 422695
D45: C | G45: =G44+F44 -> 627810 | K45: D | N45: =N44+M44 -> 422695
D46: C | G46: =G45+F45 -> 627810 | K46: D | N46: =N45+M45 -> 422695
A47: †gvU †µwWU t | D47: =G46+F46 -> 627810 | H47: ‡gvU †WweU t | K47: =N46+M46 -> 422695
A48: ‡gvU †WweU t | D48: =K47 -> 422695
A49: eZ©gvb K¨vk t | D49: =D47-D48 -> 205115

Sheet OCT (31)
A1: ‡gmvm© Imgvb wdm& | H1: ‡gmvm© Imgvb wdm&
A2: mvBb‡evW© evRvi grm Avor | H2: mvBb‡evW© evRvi grm Avor
A3: evi t | C3: e„n¯úwZevi | D3: ‡µwWU | F3: ZvwiL t- | G3: 45596 | H3: evi t | J3: e„n¯úwZevi | K3: ‡WwWU | M3: ZvwiL t- | N3: 45596
A4: c~‡e©i K¨vk-Bb-n¨vÛ t | F4: ='OCT (30)'!D49 -> 205115 | G4: **** | J4: Awdm LiP-- | K4: D | M4: 2015 | N4: ****
C5: Kwgkb-- | D5: C | F5: 13630 | G5: =F4 -> 205115 | J5: eKwkm-- | K5: D | M5: 1350 | N5: =M4 -> 2015
C6: gmwR`-- | D6: C | F6: 60 | G6: =G5+F5 -> 218745 | J6: ÷vd‡`i bv¯Ív-- | K6: D | M6: 650 | N6: =N5+M5 -> 3365
C7: mwgwZ-- | D7: C | F7: 70 | G7: =G6+F6 -> 218805 | J7: Zv‡iK Gi gRywi+n¨vÛ gvBK-- | K7: D | M7: 1950 | N7: =N6+M6 -> 4015
C8: jyrdvi divRx-- | D8: C | F8: 20000 | G8: =G7+F7 -> 218875 | I8: 672 | J8: ‡gvZv‡je KvKv-- | K8: D | L8: 443 | M8: 18810 | N8: =N7+M7 -> 5965
C9: jvKx fvB- | D9: C | F9: 2000 | G9: =G8+F8 -> 238875 | I9: 673 | J9: jyrdvi-- | K9: D | L9: 440 | M9: 34990 | N9: =N8+M8 -> 24775
C10: bM` weµq-- | D10: C | F10: 37880 | G10: =G9+F9 -> 240875 | I10: 674 | J10: gyiv`-- | K10: D | L10: 444 | M10: 40120 | N10: =N9+M9 -> 59765
C11: ‡gvZv‡je Av`vq-- | D11: C | F11: 10000 | G11: =G10+F10 -> 278755 | I11: 675 | J11: AvwRRyj-- | K11: D | L11: 445 | M11: 30660 | N11: =N10+M10 -> 99885
C12: gyiv`-- | D12: C | F12: 30000 | G12: =G11+F11 -> 288755 | I12: 676 | J12: gvwZb-- | K12: D | L12: 442 | M12: 15390 | N12: =N11+M11 -> 130545
C13: gwZb-- | D13: C | F13: 130000 | G13: =G12+F12 -> 318755 | I13: 677 | J13: RvwKi-- | K13: D | L13: 446 | M13: 66080 | N13: =N12+M12 -> 145935
C14: mvjvg- | D14: C | F14: 1620 | G14: =G13+F13 -> 448755 | I14: 678 | J14: nvwKg-- | K14: D | L14: 651 | M14: 7060 | N14: =N13+M13 -> 212015
C15: Ggvg-- | D15: C | F15: 2270 | G15: =G14+F14 -> 450375 | I15: 679 | J15: mvjvg-- | K15: D | L15: 652 | M15: 8130 | N15: =N14+M14 -> 219075
C16: jyrdvi-- | D16: C | F16: 20000 | G16: =G15+F15 -> 452645 | I16: 680 | J16: evmvi-- | K16: D | L16: 661 | M16: 4110 | N16: =N15+M15 -> 227205
C17: evnv`yi-- | D17: C | F17: 15000 | G17: =G16+F16 -> 472645 | I17: 681 | J17: ‡mv‡nj-- | K17: D | L17: 658 | M17: 5000 | N17: =N16+M16 -> 231315
C18: Rvgvj-- | D18: C | F18: 7500 | G18: =G17+F17 -> 487645 | I18: 682 | J18: ‡ejv‡qZ-- | K18: D | L18: 449 | M18: 7310 | N18: =N17+M17 -> 236315
C19: iwdKzj-- | D19: C | F19: 8000 | G19: =G18+F18 -> 495145 | I19: 683 | J19: ‡ngv‡qZ-- | K19: D | L19: 447 | M19: 10710 | N19: =N18+M18 -> 243625
... C30: iæûj-- | D30: C | F30: 4640 | G30: =G29+F29 -> 557605 | I30: 694 | J30: bM` weµq-- | K30: D | L30: 438 | M30: 37880 | N30: =N29+M29 -> 309205
C31: wiqvR-- | D31: C | F31: 1510 | G31: =G30+F30 -> 562245 | K31: D | N31: =N30+M30 -> 347085
C32: ûgvqyb-- | D32: C | F32: 2590 | G32: =G31+F31 -> 563755 | J32: c~‡e©i LiP-107985/= | K32: D | N32: =N31+M31 -> 347085
C33: AvR‡Ki evKx = 3,03,240/= | D33: C | G33: =G32+F32 -> 566345 | J33: AvR‡Ki LiP-4015/= | K33: D | N33: =N32+M32 -> 347085
C34: AvR‡Ki Av`vq = 2,87,590/= | D34: C | G34: =G33+F33 -> 566345 | J34: ‡gvU LiP= 112000/= | K34: D | N34: =N33+M33 -> 347085
A35: †gvU †µwWU t | D35: =G34+F34 -> 566345 | H35: ‡gvU †WweU t | K35: =N34+M34 -> 347085
A36: ‡gvU †WweU t | D36: =K35 -> 347085
A37: eZ©gvb K¨vk t | D37: =D35-D36 -> 219260
