Workbook

Sheet সর্বমোট হিসাব
A1: ‡gmvm© Imgvb wdm&
A2: mvBb‡evW© evRvi grm Avor
A3: G- †iwRóªvi
A4: A_© eQi t 2024-2025
A5: µ: bs: | B5: wnmv‡ei wk‡ivbvg | C5: ‡gvevBj b¤^i | D5: UvKvi cwigvb
A6: 1 | B6: ='(1)'!A1 -> g~jab wewb‡qvM | C6: 1720593794 | D6: ='(1)'!E1840 -> 1981275
A7: 2 | B7: ='(2)'!A1 -> Kwgkb Rgv | D7: ='(2)'!E1840 -> 440790
A8: 3 | B8: ='(3)'!A1 -> mwgwZ | D8: ='(3)'!E1840 -> 1280
A9: 4 | B9: ='(4)'!A1 -> gmwR` | D9: ='(4)'!E1840 -> 1190
A10: 5 | B10: ='(5)'!A1 -> ‡mwjg cvIbv | D10: ='(5)'!E1840 -> 0
A11: 6 | B11: ='(6)'!A1 -> wewea | D11: ='(6)'!E1840 -> 3050
A12: 7 | B12: ='(7)'!A1 -> bvg | D12: ='(7)'!E1840 -> 0
A13: 8 | B13: ='(8)'!A1 -> bvg | D13: ='(8)'!E1840 -> 0
A14: 9 | B14: ='(9)'!A1 -> bvg | D14: ='(9)'!E1840 -> 0
A15: 10 | B15: ='(10)'!A1 -> bvg | D15: ='(10)'!E1840 -> 0
A16: 11 | B16: ='(11)'!A1 -> bvg | D16: ='(11)'!E1840 -> 0
A17: 12 | B17: ='(12)'!A1 -> bvg | D17: ='(12)'!E1840 -> 0
A18: 13 | B18: ='(13)'!A1 -> bvg | D18: ='(13)'!E1840 -> 0
A19: 14 | B19: ='(14)'!A1 -> bvg | D19: ='(14)'!E1840 -> 0
A20: 15 | B20: ='(15)'!A1 -> bvg | D20: ='(15)'!E1840 -> 0
A21: 16 | B21: ='(16)'!A1 -> bvg | D21: ='(16)'!E1840 -> 0
A22: 17 | B22: ='(17)'!A1 -> bvg | D22: ='(17)'!E1840 -> 0
A23: 18 | B23: ='(18)'!A1 -> bvg | D23: ='(18)'!E1840 -> 0
A24: 19 | B24: ='(19)'!A1 -> bvg | D24: ='(19)'!E1840 -> 0
A25: 20 | B25: ='(20)'!A1 -> bvg | D25: ='(20)'!E1840 -> 0
A26: 21 | B26: ='(21)'!A1 -> bvg | D26: ='(21)'!E1840 -> 0
A27: 22 | B27: ='(22)'!A1 -> bvg | D27: ='(22)'!E1840 -> 0
A28: 23 | B28: ='(23)'!A1 -> bvg | D28: ='(23)'!E1840 -> 0
A29: 24 | B29: ='(24)'!A1 -> bvg | D29: ='(24)'!E1840 -> 0
A30: 25 | B30: ='(25)'!A1 -> bvg | D30: ='(25)'!E1840 -> 0
A31: 26 | B31: ='(26)'!A1 -> bvg | D31: ='(26)'!E1840 -> 0
A32: 27 | B32: ='(27)'!A1 -> bvg | D32: ='(27)'!E1840 -> 0
A33: 28 | B33: ='(28)'!A1 -> bvg | D33: ='(28)'!E1840 -> 0
A34: 29 | B34: ='(29)'!A1 -> bvg | D34: ='(29)'!E1840 -> 0
A35: 30 | B35: ='(30)'!A1 -> bvg | D35: ='(30)'!E1840 -> 0
B36: me©‡gvU = | C36: =SUM(D6:D30) -> 2427585

Sheet (1)
A1: g~jab wewb‡qvM
A2: ='সর্বমোট হিসাব'!A4:D4 -> A_© eQi t 2024-2025
A3: =E1840 -> 1981275
A4: ZvwiL | B4: fvDPvi | C4: weeiY | D4: + / -- | E4: ‡gvU UvKv | F4: gšÍe¨
C5: g~ja‡bi UvKv †`qv- | D5: 500000 | E5: ******
C6: ‡gmvm© Imgvb wdm Gi ms¯’vcb e¨q-- | D6: 611275 | E6: =D5 -> 500000
A7: 45578 | C7: AwZwi³ g~jab †`qv- | D7: 200000 | E7: =E6+D6 -> 1111275
A8: 45579 | C8: AwZwi³ g~jab †`qv- | D8: 400000 | E8: =E7+D7 -> 1311275
A9: 45580 | C9: AwZwi³ g~jab †`qv- | D9: 50000 | E9: =E8+D8 -> 1711275
A10: 45582 | C10: g~jab †diZ- | D10: -400000 | E10: =E9+D9 -> 1761275
A11: 45593 | C11: Gg. wW. †bqv- | D11: -1000 | E11: =E10+D10 -> 1361275
A12: 45594 | C12: ‡diZ †`qv- | D12: 1000 | E12: =E11+D11 -> 1360275
A13: 45594 | C13: AwZwi³ g~jab †`qv- | D13: 520000 | E13: =E12+D12 -> 1361275
A14: 45595 | C14: g~jab †diZ- | D14: -200000 | E14: =E13+D13 -> 1881275
A15: 45606 | C15: AwZwi³ g~jab †`qv- | D15: 600000 | E15: =E14+D14 -> 1681275
A16: 45607 | C16: g~jab †diZ- | D16: -300000 | E16: =E15+D15 -> 2281275
E17: =E16+D16 -> 1981275
E18: =E17+D17 -> 1981275
E19: =E18+D18 -> 1981275
E20: =E19+D19 -> 1981275
E21: =E20+D20 -> 1981275
E22: =E21+D21 -> 1981275
E23: =E22+D22 -> 1981275
E24: =E23+D23 -> 1981275
E25: =E24+D24 -> 1981275
E26: =E25+D25 -> 1981275
E27: =E26+D26 -> 1981275
E28: =E27+D27 -> 1981275
... E1839: =E1838+D1838 -> 1981275
A1840: me©‡gvU †jevi †c‡g›U = | E1840: =E1839+D1839 -> 1981275

Sheet (2)
A1: Kwgkb Rgv
A2: ='সর্বমোট হিসাব'!A4:D4 -> A_© eQi t 2024-2025
A3: =E1840 -> 440790
A4: ZvwiL | B4: fvDPvi | C4: weeiY | D4: + / -- | E4: ‡gvU UvKv | F4: gšÍe¨
A5: 45569 | C5: gvQ weµq Kwgkb-- | D5: 6300 | E5: ******
A6: 45570 | C6: gvQ weµq Kwgkb-- | D6: 3380 | E6: =D5 -> 6300
A7: 45571 | C7: gvQ weµq Kwgkb-- | D7: 7990 | E7: =E6+D6 -> 9680
A8: 45572 | C8: gvQ weµq Kwgkb-- | D8: 4470 | E8: =E7+D7 -> 17670
A9: 45573 | C9: gvQ weµq Kwgkb-- | D9: 8140 | E9: =E8+D8 -> 22140
A10: 45574 | C10: gvQ weµq Kwgkb-- | D10: 7210 | E10: =E9+D9 -> 30280
A11: 45575 | C11: gvQ weµq Kwgkb-- | D11: 9660 | E11: =E10+D10 -> 37490
A12: 45576 | C12: gvQ weµq Kwgkb-- | D12: 10490 | E12: =E11+D11 -> 47150
A13: 45577 | C13: gvQ weµq Kwgkb-- | D13: 7120 | E13: =E12+D12 -> 57640
A14: 45578 | C14: gvQ weµq Kwgkb-- | D14: 14880 | E14: =E13+D13 -> 64760
A15: 45579 | C15: gvQ weµq Kwgkb-- | D15: 19340 | E15: =E14+D14 -> 79640
A16: 45580 | C16: gvQ weµq Kwgkb-- | D16: 11970 | E16: =E15+D15 -> 98980
A17: 45581 | C17: gvQ weµq Kwgkb-- | D17: 9360 | E17: =E16+D16 -> 110950
A18: 45582 | C18: gvQ weµq Kwgkb-- | D18: 12390 | E18: =E17+D17 -> 120310
... A45: 45608 | C45: gvQ weµq Kwgkb-- | D45: 11000 | E45: =E44+D44 -> 429790
E46: =E45+D45 -> 440790
E47: =E46+D46 -> 440790
E48: =E47+D47 -> 440790
E49: =E48+D48 -> 440790
E50: =E49+D49 -> 440790
E51: =E50+D50 -> 440790
E52: =E51+D51 -> 440790
E53: =E52+D52 -> 440790
E54: =E53+D53 -> 440790
E55: =E54+D54 -> 440790
E56: =E55+D55 -> 440790
E57: =E56+D56 -> 440790
... E1839: =E1838+D1838 -> 440790
A1840: me©‡gvU †jevi †c‡g›U = | E1840: =E1839+D1839 -> 440790

Sheet (3)
A1: mwgwZ
A2: ='সর্বমোট হিসাব'!A4:D4 -> A_© eQi t 2024-2025
A3: =E1840 -> 1280
A4: ZvwiL | B4: fvDPvi | C4: weeiY | D4: + / -- | E4: ‡gvU UvKv | F4: gšÍe¨
A5: 45569 | C5: 9 wU Pvjv‡bi mwgwZ Puv`v-- | D5: 90 | E5: ******
A6: 45570 | C6: 6 wU Pvjv‡bi mwgwZ Puv`v-- | D6: 50 | E6: =D5 -> 90
A7: 45571 | C7: 7 wU Pvjv‡bi mwgwZ Puv`v-- | D7: 70 | E7: =E6+D6 -> 140
A8: 45572 | C8: 5 wU Pvjv‡bi mwgwZ Puv`v-- | D8: 50 | E8: =E7+D7 -> 210
A9: 45573 | C9: 4 wU Pvjv‡bi mwgwZ Puv`v-- | D9: 40 | E9: =E8+D8 -> 260
A10: 45574 | C10: 5 wU Pvjv‡bi mwgwZ Puv`v-- | D10: 50 | E10: =E9+D9 -> 300
A11: 45575 | C11: 5 wU Pvjv‡bi mwgwZ Puv`v-- | D11: 50 | E11: =E10+D10 -> 350
A12: 45576 | C12: 8 wU Pvjv‡bi mwgwZ Puv`v-- | D12: 80 | E12: =E11+D11 -> 400
A13: 45577 | C13: 5 wU Pvjv‡bi mwgwZ Puv`v-- | D13: 50 | E13: =E12+D12 -> 480
A14: 45578 | C14: 12 wU Pvjv‡bi mwgwZ Puv`v-- | D14: 120 | E14: =E13+D13 -> 530
A15: 45579 | C15: 16 wU Pvjv‡bi mwgwZ Puv`v-- | D15: 160 | E15: =E14+D14 -> 650
A16: 45580 | C16: 13 wU Pvjv‡bi mwgwZ Puv`v-- | D16: 130 | E16: =E15+D15 -> 810
A17: 45581 | C17: 11 wU Pvjv‡bi mwgwZ Puv`v-- | D17: 110 | E17: =E16+D16 -> 940
A18: 45582 | C18: 13 wU Pvjv‡bi mwgwZ Puv`v-- | D18: 130 | E18: =E17+D17 -> 1050
... A45: 45608 | C45: 9 wU Pvjv‡bi mwgwZ Puv`v-- | D45: 90 | E45: =E44+D44 -> 1190
E46: =E45+D45 -> 1280
E47: =E46+D46 -> 1280
E48: =E47+D47 -> 1280
E49: =E48+D48 -> 1280
E50: =E49+D49 -> 1280
E51: =E50+D50 -> 1280
E52: =E51+D51 -> 1280
E53: =E52+D52 -> 1280
E54: =E53+D53 -> 1280
E55: =E54+D54 -> 1280
E56: =E55+D55 -> 1280
E57: =E56+D56 -> 1280
... E1839: =E1838+D1838 -> 1280
A1840: me©‡gvU †jevi †c‡g›U = | E1840: =E1839+D1839 -> 1280

Sheet (4)
A1: gmwR`
A2: ='সর্বমোট হিসাব'!A4:D4 -> A_© eQi t 2024-2025
A3: =E1840 -> 1190
A4: ZvwiL | B4: fvDPvi | C4: weeiY | D4: + / -- | E4: ‡gvU UvKv | F4: gšÍe¨
A5: 45569 | C5: 9 wU Pvjv‡bi gmwR` Puv`v-- | D5: 90 | E5: ******
A6: 45570 | C6: 6 wU Pvjv‡bi gmwR` Puv`v-- | D6: 60 | E6: =D5 -> 90
A7: 45571 | C7: 7 wU Pvjv‡bi gmwR` Puv`v-- | D7: 70 | E7: =E6+D6 -> 150
A8: 45572 | C8: 5 wU Pvjv‡bi gmwR` Puv`v-- | D8: 50 | E8: =E7+D7 -> 220
A9: 45573 | C9: 4 wU Pvjv‡bi gmwR` Puv`v-- | D9: 40 | E9: =E8+D8 -> 270
A10: 45574 | C10: 5 wU Pvjv‡bi gmwR` Puv`v-- | D10: 50 | E10: =E9+D9 -> 310
A11: 45575 | C11: 5 wU Pvjv‡bi gmwR` Puv`v-- | D11: 50 | E11: =E10+D10 -> 360
A12: 45576 | C12: 8 wU Pvjv‡bi gmwR` Puv`v-- | D12: 80 | E12: =E11+D11 -> 410
A13: 45577 | C13: 5 wU Pvjv‡bi gmwR` Puv`v-- | D13: 50 | E13: =E12+D12 -> 490
A14: 45578 | C14: 6 wU Pvjv‡bi gmwR` Puv`v-- | D14: 120 | E14: =E13+D13 -> 540
A15: 45579 | C15: 16 wU Pvjv‡bi gmwR` Puv`v-- | D15: 160 | E15: =E14+D14 -> 660
A16: 45580 | C16: 13 wU Pvjv‡bi gmwR` Puv`v-- | D16: 130 | E16: =E15+D15 -> 820
A17: 45581 | C17: 11 wU Pvjv‡bi gmwR` Puv`v-- | D17: 110 | E17: =E16+D16 -> 950
A18: 45582 | C18: 13 wU Pvjv‡bi gmwR` Puv`v-- | D18: 130 | E18: =E17+D17 -> 1060
... A45: 45608 | C45: 9 wU Pvjv‡bi gmwR` Puv`v-- | D45: 90 | E45: =E44+D44 -> 1100
E46: =E45+D45 -> 1190
E47: =E46+D46 -> 1190
E48: =E47+D47 -> 1190
E49: =E48+D48 -> 1190
E50: =E49+D49 -> 1190
E51: =E50+D50 -> 1190
E52: =E51+D51 -> 1190
E53: =E52+D52 -> 1190
E54: =E53+D53 -> 1190
E55: =E54+D54 -> 1190
E56: =E55+D55 -> 1190
E57: =E56+D56 -> 1190
... E1839: =E1838+D1838 -> 1190
A1840: me©‡gvU †jevi †c‡g›U = | E1840: =E1839+D1839 -> 1190

Sheet (5)
A1: ‡mwjg cvIbv
A2: ='সর্বমোট হিসাব'!A4:D4 -> A_© eQi t 2024-2025
A3: =E1840 -> 0
A4: ZvwiL | B4: Pvjvb | C4: weeiY | D4: + / -- | E4: ‡gvU UvKv | F4: gšÍe¨
A5: 45576 | B5: 79 | C5: cvIbv- | D5: 10000 | E5: ******
A6: 45579 | C6: cwi‡kva- | D6: -10000 | E6: =D5 -> 10000
E7: =E6+D6 -> 0
E8: =E7+D7 -> 0
E9: =E8+D8 -> 0
E10: =E9+D9 -> 0
E11: =E10+D10 -> 0
E12: =E11+D11 -> 0
E13: =E12+D12 -> 0
E14: =E13+D13 -> 0
E15: =E14+D14 -> 0
E16: =E15+D15 -> 0
E17: =E16+D16 -> 0
E18: =E17+D17 -> 0
... E1839: =E1838+D1838 -> 0
A1840: me©‡gvU †jevi †c‡g›U = | E1840: =E1839+D1839 -> 0

Sheet (6)
A1: wewea
A2: ='সর্বমোট হিসাব'!A4:D4 -> A_© eQi t 2024-2025
A3: =E1840 -> 3050
A4: ZvwiL | B4: fvDPvi | C4: weeiY | D4: + / -- | E4: ‡gvU UvKv | F4: gšÍe¨
A5: 45585 | C5: ‡LvKb ZvjyK`vi-- | D5: 1280 | E5: ******
A6: 45585 | C6: 4-10-24 K¨vk e„w×-- | D6: 2290 | E6: =D5 -> 1280
A7: 45585 | C7: 18-10-24 K¨vk e„w×-- | D7: 1470 | E7: =E6+D6 -> 3570
A8: 45585 | C8: 19-10-24 K¨vk e„w×-- | D8: 3790 | E8: =E7+D7 -> 5040
A9: 45588 | C9: Bwjqv‡Qi UvKv mgš^q-- | D9: -3890 | E9: =E8+D8 -> 8830
A10: 45590 | C10: wbjy fvB gvQ weµq- | D10: 500 | E10: =E9+D9 -> 4940
A11: 45594 | C11: 28-10-24 K¨vk e„w×-- | D11: 600 | E11: =E10+D10 -> 5440
A12: 45597 | C12: gvmyg †K †`qv- | D12: -2990 | E12: =E11+D11 -> 6040
E13: =E12+D12 -> 3050
E14: =E13+D13 -> 3050
E15: =E14+D14 -> 3050
E16: =E15+D15 -> 3050
E17: =E16+D16 -> 3050
E18: =E17+D17 -> 3050
E19: =E18+D18 -> 3050
E20: =E19+D19 -> 3050
E21: =E20+D20 -> 3050
E22: =E21+D21 -> 3050
E23: =E22+D22 -> 3050
E24: =E23+D23 -> 3050
... E1839: =E1838+D1838 -> 3050
A1840: me©‡gvU †jevi †c‡g›U = | E1840: =E1839+D1839 -> 3050

Sheet (7)
A1: bvg
A2: ='সর্বমোট হিসাব'!A4:D4 -> A_© eQi t 2024-2025
A3: =E1840 -> 0
A4: ZvwiL | B4: fvDPvi | C4: weeiY | D4: + / -- | E4: ‡gvU UvKv | F4: gšÍe¨
E5: ******
E6: =D5 -> 0
E7: =E6+D6 -> 0
E8: =E7+D7 -> 0
E9: =E8+D8 -> 0
E10: =E9+D9 -> 0
E11: =E10+D10 -> 0
E12: =E11+D11 -> 0
E13: =E12+D12 -> 0
E14: =E13+D13 -> 0
E15: =E14+D14 -> 0
E16: =E15+D15 -> 0
E17: =E16+D16 -> 0
E18: =E17+D17 -> 0
... E1839: =E1838+D1838 -> 0
A1840: me©‡gvU †jevi †c‡g›U = | E1840: =E1839+D1839 -> 0

Sheet (8)
A1: bvg
A2: ='সর্বমোট হিসাব'!A4:D4 -> A_© eQi t 2024-2025
A3: =E1840 -> 0
A4: ZvwiL | B4: fvDPvi | C4: weeiY | D4: + / -- | E4: ‡gvU UvKv | F4: gšÍe¨
E5: ******
E6: =D5 -> 0
E7: =E6+D6 -> 0
E8: =E7+D7 -> 0
E9: =E8+D8 -> 0
E10: =E9+D9 -> 0
E11: =E10+D10 -> 0
E12: =E11+D11 -> 0
E13: =E12+D12 -> 0
E14: =E13+D13 -> 0
E15: =E14+D14 -> 0
E16: =E15+D15 -> 0
E17: =E16+D16 -> 0
E18: =E17+D17 -> 0
... E1839: =E1838+D1838 -> 0
A1840: me©‡gvU †jevi †c‡g›U = | E1840: =E1839+D1839 -> 0

Sheet (9)
A1: bvg
A2: ='সর্বমোট হিসাব'!A4:D4 -> A_© eQi t 2024-2025
A3: =E1840 -> 0
A4: ZvwiL | B4: fvDPvi | C4: weeiY | D4: + / -- | E4: ‡gvU UvKv | F4: gšÍe¨
E5: ******
E6: =D5 -> 0
E7: =E6+D6 -> 0
E8: =E7+D7 -> 0
E9: =E8+D8 -> 0
E10: =E9+D9 -> 0
E11: =E10+D10 -> 0
E12: =E11+D11 -> 0
E13: =E12+D12 -> 0
E14: =E13+D13 -> 0
E15: =E14+D14 -> 0
E16: =E15+D15 -> 0
E17: =E16+D16 -> 0
E18: =E17+D17 -> 0
... E1839: =E1838+D1838 -> 0
A1840: me©‡gvU †jevi †c‡g›U = | E1840: =E1839+D1839 -> 0

Sheet (10)
A1: bvg
A2: ='সর্বমোট হিসাব'!A4:D4 -> A_© eQi t 2024-2025
A3: =E1840 -> 0
A4: ZvwiL | B4: fvDPvi | C4: weeiY | D4: + / -- | E4: ‡gvU UvKv | F4: gšÍe¨
E5: ******
E6: =D5 -> 0
E7: =E6+D6 -> 0
E8: =E7+D7 -> 0
E9: =E8+D8 -> 0
E10: =E9+D9 -> 0
E11: =E10+D10 -> 0
E12: =E11+D11 -> 0
E13: =E12+D12 -> 0
E14: =E13+D13 -> 0
E15: =E14+D14 -> 0
E16: =E15+D15 -> 0
E17: =E16+D16 -> 0
E18: =E17+D17 -> 0
... E1839: =E1838+D1838 -> 0
A1840: me©‡gvU †jevi †c‡g›U = | E1840: =E1839+D1839 -> 0

Sheet (11)
A1: bvg
A2: ='সর্বমোট হিসাব'!A4:D4 -> A_© eQi t 2024-2025
A3: =E1840 -> 0
A4: ZvwiL | B4: fvDPvi | C4: weeiY | D4: + / -- | E4: ‡gvU UvKv | F4: gšÍe¨
E5: ******
E6: =D5 -> 0
E7: =E6+D6 -> 0
E8: =E7+D7 -> 0
E9: =E8+D8 -> 0
E10: =E9+D9 -> 0
E11: =E10+D10 -> 0
E12: =E11+D11 -> 0
E13: =E12+D12 -> 0
E14: =E13+D13 -> 0
E15: =E14+D14 -> 0
E16: =E15+D15 -> 0
E17: =E16+D16 -> 0
E18: =E17+D17 -> 0
... E1839: =E1838+D1838 -> 0
A1840: me©‡gvU †jevi †c‡g›U = | E1840: =E1839+D1839 -> 0

Sheet (12)
A1: bvg
A2: ='সর্বমোট হিসাব'!A4:D4 -> A_© eQi t 2024-2025
A3: =E1840 -> 0
A4: ZvwiL | B4: fvDPvi | C4: weeiY | D4: + / -- | E4: ‡gvU UvKv | F4: gšÍe¨
E5: ******
E6: =D5 -> 0
E7: =E6+D6 -> 0
E8: =E7+D7 -> 0
E9: =E8+D8 -> 0
E10: =E9+D9 -> 0
E11: =E10+D10 -> 0
E12: =E11+D11 -> 0
E13: =E12+D12 -> 0
E14: =E13+D13 -> 0
E15: =E14+D14 -> 0
E16: =E15+D15 -> 0
E17: =E16+D16 -> 0
E18: =E17+D17 -> 0
... E1839: =E1838+D1838 -> 0
A1840: me©‡gvU †jevi †c‡g›U = | E1840: =E1839+D1839 -> 0

Sheet (13)
A1: bvg
A2: ='সর্বমোট হিসাব'!A4:D4 -> A_© eQi t 2024-2025
A3: =E1840 -> 0
A4: ZvwiL | B4: fvDPvi | C4: weeiY | D4: + / -- | E4: ‡gvU UvKv | F4: gšÍe¨
E5: ******
E6: =D5 -> 0
E7: =E6+D6 -> 0
E8: =E7+D7 -> 0
E9: =E8+D8 -> 0
E10: =E9+D9 -> 0
E11: =E10+D10 -> 0
E12: =E11+D11 -> 0
E13: =E12+D12 -> 0
E14: =E13+D13 -> 0
E15: =E14+D14 -> 0
E16: =E15+D15 -> 0
E17: =E16+D16 -> 0
E18: =E17+D17 -> 0
... E1839: =E1838+D1838 -> 0
A1840: me©‡gvU †jevi †c‡g›U = | E1840: =E1839+D1839 -> 0

Sheet (14)
A1: bvg
A2: ='সর্বমোট হিসাব'!A4:D4 -> A_© eQi t 2024-2025
A3: =E1840 -> 0
A4: ZvwiL | B4: fvDPvi | C4: weeiY | D4: + / -- | E4: ‡gvU UvKv | F4: gšÍe¨
E5: ******
E6: =D5 -> 0
E7: =E6+D6 -> 0
E8: =E7+D7 -> 0
E9: =E8+D8 -> 0
E10: =E9+D9 -> 0
E11: =E10+D10 -> 0
E12: =E11+D11 -> 0
E13: =E12+D12 -> 0
E14: =E13+D13 -> 0
E15: =E14+D14 -> 0
E16: =E15+D15 -> 0
E17: =E16+D16 -> 0
E18: =E17+D17 -> 0
... E1839: =E1838+D1838 -> 0
A1840: me©‡gvU †jevi †c‡g›U = | E1840: =E1839+D1839 -> 0

Sheet (15)
A1: bvg
A2: ='সর্বমোট হিসাব'!A4:D4 -> A_© eQi t 2024-2025
A3: =E1840 -> 0
A4: ZvwiL | B4: fvDPvi | C4: weeiY | D4: + / -- | E4: ‡gvU UvKv | F4: gšÍe¨
E5: ******
E6: =D5 -> 0
E7: =E6+D6 -> 0
E8: =E7+D7 -> 0
E9: =E8+D8 -> 0
E10: =E9+D9 -> 0
E11: =E10+D10 -> 0
E12: =E11+D11 -> 0
E13: =E12+D12 -> 0
E14: =E13+D13 -> 0
E15: =E14+D14 -> 0
E16: =E15+D15 -> 0
E17: =E16+D16 -> 0
E18: =E17+D17 -> 0
... E1839: =E1838+D1838 -> 0
A1840: me©‡gvU †jevi †c‡g›U = | E1840: =E1839+D1839 -> 0

Sheet (16)
A1: bvg
A2: ='সর্বমোট হিসাব'!A4:D4 -> A_© eQi t 2024-2025
A3: =E1840 -> 0
A4: ZvwiL | B4: fvDPvi | C4: weeiY | D4: + / -- | E4: ‡gvU UvKv | F4: gšÍe¨
E5: ******
E6: =D5 -> 0
E7: =E6+D6 -> 0
E8: =E7+D7 -> 0
E9: =E8+D8 -> 0
E10: =E9+D9 -> 0
E11: =E10+D10 -> 0
E12: =E11+D11 -> 0
E13: =E12+D12 -> 0
E14: =E13+D13 -> 0
E15: =E14+D14 -> 0
E16: =E15+D15 -> 0
E17: =E16+D16 -> 0
E18: =E17+D17 -> 0
... E1839: =E1838+D1838 -> 0
A1840: me©‡gvU †jevi †c‡g›U = | E1840: =E1839+D1839 -> 0

Sheet (17)
A1: bvg
A2: ='সর্বমোট হিসাব'!A4:D4 -> A_© eQi t 2024-2025
A3: =E1840 -> 0
A4: ZvwiL | B4: fvDPvi | C4: weeiY | D4: + / -- | E4: ‡gvU UvKv | F4: gšÍe¨
E5: ******
E6: =D5 -> 0
E7: =E6+D6 -> 0
E8: =E7+D7 -> 0
E9: =E8+D8 -> 0
E10: =E9+D9 -> 0
E11: =E10+D10 -> 0
E12: =E11+D11 -> 0
E13: =E12+D12 -> 0
E14: =E13+D13 -> 0
E15: =E14+D14 -> 0
E16: =E15+D15 -> 0
E17: =E16+D16 -> 0
E18: =E17+D17 -> 0
... E1839: =E1838+D1838 -> 0
A1840: me©‡gvU †jevi †c‡g›U = | E1840: =E1839+D1839 -> 0

Sheet (18)
A1: bvg
A2: ='সর্বমোট হিসাব'!A4:D4 -> A_© eQi t 2024-2025
A3: =E1840 -> 0
A4: ZvwiL | B4: fvDPvi | C4: weeiY | D4: + / -- | E4: ‡gvU UvKv | F4: gšÍe¨
E5: ******
E6: =D5 -> 0
E7: =E6+D6 -> 0
E8: =E7+D7 -> 0
E9: =E8+D8 -> 0
E10: =E9+D9 -> 0
E11: =E10+D10 -> 0
E12: =E11+D11 -> 0
E13: =E12+D12 -> 0
E14: =E13+D13 -> 0
E15: =E14+D14 -> 0
E16: =E15+D15 -> 0
E17: =E16+D16 -> 0
E18: =E17+D17 -> 0
... E1839: =E1838+D1838 -> 0
A1840: me©‡gvU †jevi †c‡g›U = | E1840: =E1839+D1839 -> 0

Sheet (19)
A1: bvg
A2: ='সর্বমোট হিসাব'!A4:D4 -> A_© eQi t 2024-2025
A3: =E1840 -> 0
A4: ZvwiL | B4: fvDPvi | C4: weeiY | D4: + / -- | E4: ‡gvU UvKv | F4: gšÍe¨
E5: ******
E6: =D5 -> 0
E7: =E6+D6 -> 0
E8: =E7+D7 -> 0
E9: =E8+D8 -> 0
E10: =E9+D9 -> 0
E11: =E10+D10 -> 0
E12: =E11+D11 -> 0
E13: =E12+D12 -> 0
E14: =E13+D13 -> 0
E15: =E14+D14 -> 0
E16: =E15+D15 -> 0
E17: =E16+D16 -> 0
E18: =E17+D17 -> 0
... E1839: =E1838+D1838 -> 0
A1840: me©‡gvU †jevi †c‡g›U = | E1840: =E1839+D1839 -> 0

Sheet (20)
A1: bvg
A2: ='সর্বমোট হিসাব'!A4:D4 -> A_© eQi t 2024-2025
A3: =E1840 -> 0
A4: ZvwiL | B4: fvDPvi | C4: weeiY | D4: + / -- | E4: ‡gvU UvKv | F4: gšÍe¨
E5: ******
E6: =D5 -> 0
E7: =E6+D6 -> 0
E8: =E7+D7 -> 0
E9: =E8+D8 -> 0
E10: =E9+D9 -> 0
E11: =E10+D10 -> 0
E12: =E11+D11 -> 0
E13: =E12+D12 -> 0
E14: =E13+D13 -> 0
E15: =E14+D14 -> 0
E16: =E15+D15 -> 0
E17: =E16+D16 -> 0
E18: =E17+D17 -> 0
... E1839: =E1838+D1838 -> 0
A1840: me©‡gvU †jevi †c‡g›U = | E1840: =E1839+D1839 -> 0

Sheet (21)
A1: bvg
A2: ='সর্বমোট হিসাব'!A4:D4 -> A_© eQi t 2024-2025
A3: =E1840 -> 0
A4: ZvwiL | B4: fvDPvi | C4: weeiY | D4: + / -- | E4: ‡gvU UvKv | F4: gšÍe¨
E5: ******
E6: =D5 -> 0
E7: =E6+D6 -> 0
E8: =E7+D7 -> 0
E9: =E8+D8 -> 0
E10: =E9+D9 -> 0
E11: =E10+D10 -> 0
E12: =E11+D11 -> 0
E13: =E12+D12 -> 0
E14: =E13+D13 -> 0
E15: =E14+D14 -> 0
E16: =E15+D15 -> 0
E17: =E16+D16 -> 0
E18: =E17+D17 -> 0
... E1839: =E1838+D1838 -> 0
A1840: me©‡gvU †jevi †c‡g›U = | E1840: =E1839+D1839 -> 0

Sheet (22)
A1: bvg
A2: ='সর্বমোট হিসাব'!A4:D4 -> A_© eQi t 2024-2025
A3: =E1840 -> 0
A4: ZvwiL | B4: fvDPvi | C4: weeiY | D4: + / -- | E4: ‡gvU UvKv | F4: gšÍe¨
E5: ******
E6: =D5 -> 0
E7: =E6+D6 -> 0
E8: =E7+D7 -> 0
E9: =E8+D8 -> 0
E10: =E9+D9 -> 0
E11: =E10+D10 -> 0
E12: =E11+D11 -> 0
E13: =E12+D12 -> 0
E14: =E13+D13 -> 0
E15: =E14+D14 -> 0
E16: =E15+D15 -> 0
E17: =E16+D16 -> 0
E18: =E17+D17 -> 0
... E1839: =E1838+D1838 -> 0
A1840: me©‡gvU †jevi †c‡g›U = | E1840: =E1839+D1839 -> 0

Sheet (23)
A1: bvg
A2: ='সর্বমোট হিসাব'!A4:D4 -> A_© eQi t 2024-2025
A3: =E1840 -> 0
A4: ZvwiL | B4: fvDPvi | C4: weeiY | D4: + / -- | E4: ‡gvU UvKv | F4: gšÍe¨
E5: ******
E6: =D5 -> 0
E7: =E6+D6 -> 0
E8: =E7+D7 -> 0
E9: =E8+D8 -> 0
E10: =E9+D9 -> 0
E11: =E10+D10 -> 0
E12: =E11+D11 -> 0
E13: =E12+D12 -> 0
E14: =E13+D13 -> 0
E15: =E14+D14 -> 0
E16: =E15+D15 -> 0
E17: =E16+D16 -> 0
E18: =E17+D17 -> 0
... E1839: =E1838+D1838 -> 0
A1840: me©‡gvU †jevi †c‡g›U = | E1840: =E1839+D1839 -> 0

Sheet (24)
A1: bvg
A2: ='সর্বমোট হিসাব'!A4:D4 -> A_© eQi t 2024-2025
A3: =E1840 -> 0
A4: ZvwiL | B4: fvDPvi | C4: weeiY | D4: + / -- | E4: ‡gvU UvKv | F4: gšÍe¨
E5: ******
E6: =D5 -> 0
E7: =E6+D6 -> 0
E8: =E7+D7 -> 0
E9: =E8+D8 -> 0
E10: =E9+D9 -> 0
E11: =E10+D10 -> 0
E12: =E11+D11 -> 0
E13: =E12+D12 -> 0
E14: =E13+D13 -> 0
E15: =E14+D14 -> 0
E16: =E15+D15 -> 0
E17: =E16+D16 -> 0
E18: =E17+D17 -> 0
... E1839: =E1838+D1838 -> 0
A1840: me©‡gvU †jevi †c‡g›U = | E1840: =E1839+D1839 -> 0

Sheet (25)
A1: bvg
A2: ='সর্বমোট হিসাব'!A4:D4 -> A_© eQi t 2024-2025
A3: =E1840 -> 0
A4: ZvwiL | B4: fvDPvi | C4: weeiY | D4: + / -- | E4: ‡gvU UvKv | F4: gšÍe¨
E5: ******
E6: =D5 -> 0
E7: =E6+D6 -> 0
E8: =E7+D7 -> 0
E9: =E8+D8 -> 0
E10: =E9+D9 -> 0
E11: =E10+D10 -> 0
E12: =E11+D11 -> 0
E13: =E12+D12 -> 0
E14: =E13+D13 -> 0
E15: =E14+D14 -> 0
E16: =E15+D15 -> 0
E17: =E16+D16 -> 0
E18: =E17+D17 -> 0
... E1839: =E1838+D1838 -> 0
A1840: me©‡gvU †jevi †c‡g›U = | E1840: =E1839+D1839 -> 0

Sheet (26)
A1: bvg
A2: ='সর্বমোট হিসাব'!A4:D4 -> A_© eQi t 2024-2025
A3: =E1840 -> 0
A4: ZvwiL | B4: fvDPvi | C4: weeiY | D4: + / -- | E4: ‡gvU UvKv | F4: gšÍe¨
E5: ******
E6: =D5 -> 0
E7: =E6+D6 -> 0
E8: =E7+D7 -> 0
E9: =E8+D8 -> 0
E10: =E9+D9 -> 0
E11: =E10+D10 -> 0
E12: =E11+D11 -> 0
E13: =E12+D12 -> 0
E14: =E13+D13 -> 0
E15: =E14+D14 -> 0
E16: =E15+D15 -> 0
E17: =E16+D16 -> 0
E18: =E17+D17 -> 0
... E1839: =E1838+D1838 -> 0
A1840: me©‡gvU †jevi †c‡g›U = | E1840: =E1839+D1839 -> 0

Sheet (27)
A1: bvg
A2: ='সর্বমোট হিসাব'!A4:D4 -> A_© eQi t 2024-2025
A3: =E1840 -> 0
A4: ZvwiL | B4: fvDPvi | C4: weeiY | D4: + / -- | E4: ‡gvU UvKv | F4: gšÍe¨
E5: ******
E6: =D5 -> 0
E7: =E6+D6 -> 0
E8: =E7+D7 -> 0
E9: =E8+D8 -> 0
E10: =E9+D9 -> 0
E11: =E10+D10 -> 0
E12: =E11+D11 -> 0
E13: =E12+D12 -> 0
E14: =E13+D13 -> 0
E15: =E14+D14 -> 0
E16: =E15+D15 -> 0
E17: =E16+D16 -> 0
E18: =E17+D17 -> 0
... E1839: =E1838+D1838 -> 0
A1840: me©‡gvU †jevi †c‡g›U = | E1840: =E1839+D1839 -> 0

Sheet (28)
A1: bvg
A2: ='সর্বমোট হিসাব'!A4:D4 -> A_© eQi t 2024-2025
A3: =E1840 -> 0
A4: ZvwiL | B4: fvDPvi | C4: weeiY | D4: + / -- | E4: ‡gvU UvKv | F4: gšÍe¨
E5: ******
E6: =D5 -> 0
E7: =E6+D6 -> 0
E8: =E7+D7 -> 0
E9: =E8+D8 -> 0
E10: =E9+D9 -> 0
E11: =E10+D10 -> 0
E12: =E11+D11 -> 0
E13: =E12+D12 -> 0
E14: =E13+D13 -> 0
E15: =E14+D14 -> 0
E16: =E15+D15 -> 0
E17: =E16+D16 -> 0
E18: =E17+D17 -> 0
... E1839: =E1838+D1838 -> 0
A1840: me©‡gvU †jevi †c‡g›U = | E1840: =E1839+D1839 -> 0

Sheet (29)
A1: bvg
A2: ='সর্বমোট হিসাব'!A4:D4 -> A_© eQi t 2024-2025
A3: =E1840 -> 0
A4: ZvwiL | B4: fvDPvi | C4: weeiY | D4: + / -- | E4: ‡gvU UvKv | F4: gšÍe¨
E5: ******
E6: =D5 -> 0
E7: =E6+D6 -> 0
E8: =E7+D7 -> 0
E9: =E8+D8 -> 0
E10: =E9+D9 -> 0
E11: =E10+D10 -> 0
E12: =E11+D11 -> 0
E13: =E12+D12 -> 0
E14: =E13+D13 -> 0
E15: =E14+D14 -> 0
E16: =E15+D15 -> 0
E17: =E16+D16 -> 0
E18: =E17+D17 -> 0
... E1839: =E1838+D1838 -> 0
A1840: me©‡gvU †jevi †c‡g›U = | E1840: =E1839+D1839 -> 0

Sheet (30)
A1: bvg
A2: ='সর্বমোট হিসাব'!A4:D4 -> A_© eQi t 2024-2025
A3: =E1840 -> 0
A4: ZvwiL | B4: fvDPvi | C4: weeiY | D4: + / -- | E4: ‡gvU UvKv | F4: gšÍe¨
E5: ******
E6: =D5 -> 0
E7: =E6+D6 -> 0
E8: =E7+D7 -> 0
E9: =E8+D8 -> 0
E10: =E9+D9 -> 0
E11: =E10+D10 -> 0
E12: =E11+D11 -> 0
E13: =E12+D12 -> 0
E14: =E13+D13 -> 0
E15: =E14+D14 -> 0
E16: =E15+D15 -> 0
E17: =E16+D16 -> 0
E18: =E17+D17 -> 0
... E1839: =E1838+D1838 -> 0
A1840: me©‡gvU †jevi †c‡g›U = | E1840: =E1839+D1839 -> 0
